candidate	old	new
C1	internal/planes/bot/internal/app/runtime/http_server.go	internal/planes/bot/runtime/http_server_helpers.go
C2	internal/planes/admin/app/api_password_reset_test.go	internal/planes/admin/runtime/api_password_reset_test.go
C2	internal/planes/admin/app/api_router_test.go	internal/planes/admin/runtime/api_router_test.go
C2	internal/planes/admin/app/api_routes_domain_test.go	internal/planes/admin/runtime/api_routes_domain_test.go
C2	internal/planes/admin/app/build_runtime.go	internal/planes/admin/runtime/build_runtime.go
C2	internal/planes/admin/app/build_runtime_auth.go	internal/planes/admin/runtime/build_runtime_auth.go
C2	internal/planes/admin/app/build_runtime_foundation.go	internal/planes/admin/runtime/build_runtime_foundation.go
C2	internal/planes/admin/app/build_runtime_foundation_test.go	internal/planes/admin/runtime/build_runtime_foundation_test.go
C2	internal/planes/admin/app/build_runtime_routes.go	internal/planes/admin/runtime/build_runtime_routes.go
C2	internal/planes/admin/app/build_runtime_settings.go	internal/planes/admin/runtime/build_runtime_settings.go
C2	internal/planes/admin/app/build_runtime_youtube.go	internal/planes/admin/runtime/build_runtime_youtube.go
C2	internal/planes/admin/app/http/middleware.go	internal/planes/admin/internal/httpapi/middleware.go
C2	internal/planes/admin/app/http/middleware_test.go	internal/planes/admin/internal/httpapi/middleware_test.go
C2	internal/planes/admin/app/http/rate_limit_fail_closed_test.go	internal/planes/admin/internal/httpapi/rate_limit_fail_closed_test.go
C2	internal/planes/admin/app/http/rate_limit_metrics.go	internal/planes/admin/internal/httpapi/rate_limit_metrics.go
C2	internal/planes/admin/app/http/rate_limit_metrics_test.go	internal/planes/admin/internal/httpapi/rate_limit_metrics_test.go
C2	internal/planes/admin/app/http/registration.go	internal/planes/admin/internal/httpapi/registration.go
C2	internal/planes/admin/app/http/registration_ipallow_test.go	internal/planes/admin/internal/httpapi/registration_ipallow_test.go
C2	internal/planes/admin/app/http/router.go	internal/planes/admin/internal/httpapi/router.go
C2	internal/planes/admin/app/http/router_additional_test.go	internal/planes/admin/internal/httpapi/router_additional_test.go
C2	internal/planes/admin/app/http/routes.go	internal/planes/admin/internal/httpapi/routes.go
C2	internal/planes/admin/app/http/routes_dispatch_ops_test.go	internal/planes/admin/internal/httpapi/routes_dispatch_ops_test.go
C2	internal/planes/admin/app/runtime_admin_api.go	internal/planes/admin/runtime/runtime_admin_api.go
C2	internal/planes/admin/app/runtime_admin_api_runner.go	internal/planes/admin/runtime/runtime_admin_api_runner.go
C2	internal/planes/admin/app/runtime_admin_api_shutdown.go	internal/planes/admin/runtime/runtime_admin_api_shutdown.go
C2	internal/planes/admin/app/runtime_helpers_additional_test.go	internal/planes/admin/runtime/runtime_helpers_additional_test.go
C2	internal/planes/admin/app/runtime_nil_close_test.go	internal/planes/admin/runtime/runtime_nil_close_test.go
C2	internal/planes/admin/app/runtime_split_test.go	internal/planes/admin/runtime/runtime_split_test.go
C2	internal/planes/admin/app/settings_applier.go	internal/planes/admin/runtime/settings_applier.go
C3	internal/planes/bot/internal/bot/orchestration/bot.go	internal/planes/bot/internal/orchestration/bot.go
C3	internal/planes/bot/internal/bot/orchestration/bot_command_admission_integration_test.go	internal/planes/bot/internal/orchestration/bot_command_admission_integration_test.go
C3	internal/planes/bot/internal/bot/orchestration/bot_command_help_image_test.go	internal/planes/bot/internal/orchestration/bot_command_help_image_test.go
C3	internal/planes/bot/internal/bot/orchestration/bot_command_init_views.go	internal/planes/bot/internal/orchestration/bot_command_init_views.go
C3	internal/planes/bot/internal/bot/orchestration/bot_command_init_views_test.go	internal/planes/bot/internal/orchestration/bot_command_init_views_test.go
C3	internal/planes/bot/internal/bot/orchestration/bot_dependencies_validator.go	internal/planes/bot/internal/orchestration/bot_dependencies_validator.go
C3	internal/planes/bot/internal/bot/orchestration/bot_lifecycle_additional_test.go	internal/planes/bot/internal/orchestration/bot_lifecycle_additional_test.go
C3	internal/planes/bot/internal/bot/orchestration/bot_message_error.go	internal/planes/bot/internal/orchestration/bot_message_error.go
C3	internal/planes/bot/internal/bot/orchestration/bot_message_handler.go	internal/planes/bot/internal/orchestration/bot_message_handler.go
C3	internal/planes/bot/internal/bot/orchestration/bot_message_identity_test.go	internal/planes/bot/internal/orchestration/bot_message_identity_test.go
C3	internal/planes/bot/internal/bot/orchestration/bot_message_privacy_db_test.go	internal/planes/bot/internal/orchestration/bot_message_privacy_db_test.go
C3	internal/planes/bot/internal/bot/orchestration/bot_reply_uncertainty_db_test.go	internal/planes/bot/internal/orchestration/bot_reply_uncertainty_db_test.go
C3	internal/planes/bot/internal/bot/orchestration/bot_router_transport_handler_additional_test.go	internal/planes/bot/internal/orchestration/bot_router_transport_handler_additional_test.go
C3	internal/planes/bot/internal/bot/orchestration/bot_runtime_components.go	internal/planes/bot/internal/orchestration/bot_runtime_components.go
C3	internal/planes/bot/internal/bot/orchestration/bot_test.go	internal/planes/bot/internal/orchestration/bot_test.go
C3	internal/planes/bot/internal/bot/orchestration/bot_threadid_integration_test.go	internal/planes/bot/internal/orchestration/bot_threadid_integration_test.go
C3	internal/planes/bot/internal/bot/orchestration/deps.go	internal/planes/bot/internal/orchestration/deps.go
C3	internal/planes/bot/internal/bot/orchestration/deps_views_test.go	internal/planes/bot/internal/orchestration/deps_views_test.go
C3	internal/planes/bot/internal/bot/orchestration/ingress/bot_ingress.go	internal/planes/bot/internal/orchestration/ingress/bot_ingress.go
C3	internal/planes/bot/internal/bot/orchestration/ingress/bot_ingress_resolution.go	internal/planes/bot/internal/orchestration/ingress/bot_ingress_resolution.go
C3	internal/planes/bot/internal/bot/orchestration/ingress/bot_ingress_test.go	internal/planes/bot/internal/orchestration/ingress/bot_ingress_test.go
C3	internal/planes/bot/internal/bot/orchestration/ingress/log.go	internal/planes/bot/internal/orchestration/ingress/log.go
C3	internal/planes/bot/internal/bot/orchestration/ingress/privacy_log_test.go	internal/planes/bot/internal/orchestration/ingress/privacy_log_test.go
C3	internal/planes/bot/internal/bot/orchestration/iris_client.go	internal/planes/bot/internal/orchestration/iris_client.go
C3	internal/planes/bot/internal/bot/orchestration/lifecycle/bot_lifecycle.go	internal/planes/bot/internal/orchestration/lifecycle/bot_lifecycle.go
C3	internal/planes/bot/internal/bot/orchestration/lifecycle/bot_lifecycle_characterization_test.go	internal/planes/bot/internal/orchestration/lifecycle/bot_lifecycle_characterization_test.go
C3	internal/planes/bot/internal/bot/orchestration/lifecycle/bot_lifecycle_iris_waiter.go	internal/planes/bot/internal/orchestration/lifecycle/bot_lifecycle_iris_waiter.go
C3	internal/planes/bot/internal/bot/orchestration/lifecycle/interfaces.go	internal/planes/bot/internal/orchestration/lifecycle/interfaces.go
C3	internal/planes/bot/internal/bot/orchestration/log_events.go	internal/planes/bot/internal/orchestration/log_events.go
C3	internal/planes/bot/internal/bot/orchestration/new_bot_failfast_test.go	internal/planes/bot/internal/orchestration/new_bot_failfast_test.go
C3	internal/planes/bot/internal/bot/orchestration/orchcmd/command_admission.go	internal/planes/bot/internal/orchestration/orchcmd/command_admission.go
C3	internal/planes/bot/internal/bot/orchestration/orchcmd/command_admission_member_test.go	internal/planes/bot/internal/orchestration/orchcmd/command_admission_member_test.go
C3	internal/planes/bot/internal/bot/orchestration/orchcmd/command_admission_test.go	internal/planes/bot/internal/orchestration/orchcmd/command_admission_test.go
C3	internal/planes/bot/internal/bot/orchestration/orchcmd/command_builder.go	internal/planes/bot/internal/orchestration/orchcmd/command_builder.go
C3	internal/planes/bot/internal/bot/orchestration/orchcmd/command_builder_clone.go	internal/planes/bot/internal/orchestration/orchcmd/command_builder_clone.go
C3	internal/planes/bot/internal/bot/orchestration/orchcmd/command_normalizer.go	internal/planes/bot/internal/orchestration/orchcmd/command_normalizer.go
C3	internal/planes/bot/internal/bot/orchestration/orchcmd/command_normalizer_test.go	internal/planes/bot/internal/orchestration/orchcmd/command_normalizer_test.go
C3	internal/planes/bot/internal/bot/orchestration/orchcmd/command_router.go	internal/planes/bot/internal/orchestration/orchcmd/command_router.go
C3	internal/planes/bot/internal/bot/orchestration/orchcmd/command_router_outcome_test.go	internal/planes/bot/internal/orchestration/orchcmd/command_router_outcome_test.go
C3	internal/planes/bot/internal/bot/orchestration/orchcmd/log_attrs.go	internal/planes/bot/internal/orchestration/orchcmd/log_attrs.go
C3	internal/planes/bot/internal/bot/orchestration/orchcmd/log_events.go	internal/planes/bot/internal/orchestration/orchcmd/log_events.go
C3	internal/planes/bot/internal/bot/orchestration/orchcmd/privacy_log_test.go	internal/planes/bot/internal/orchestration/orchcmd/privacy_log_test.go
C3	internal/planes/bot/internal/bot/orchestration/transport/bot_transport.go	internal/planes/bot/internal/orchestration/transport/bot_transport.go
C3	internal/planes/bot/internal/bot/orchestration/transport/bot_transport_characterization_test.go	internal/planes/bot/internal/orchestration/transport/bot_transport_characterization_test.go
C3	internal/planes/bot/internal/bot/orchestration/transport/reply_handoff.go	internal/planes/bot/internal/orchestration/transport/reply_handoff.go
C3	internal/planes/bot/internal/bot/orchestration/transport/reply_outbox.go	internal/planes/bot/internal/orchestration/transport/reply_outbox.go
C3	internal/planes/bot/internal/bot/orchestration/transport/reply_outbox_test.go	internal/planes/bot/internal/orchestration/transport/reply_outbox_test.go
C3	internal/planes/bot/internal/bot/orchestration/transport/reply_outcome.go	internal/planes/bot/internal/orchestration/transport/reply_outcome.go
C3	internal/planes/bot/internal/bot/orchestration/transport/reply_request_id.go	internal/planes/bot/internal/orchestration/transport/reply_request_id.go
C3	internal/planes/bot/internal/bot/orchestration/transport/reply_request_id_reissue_contract_test.go	internal/planes/bot/internal/orchestration/transport/reply_request_id_reissue_contract_test.go
C3	internal/planes/bot/internal/bot/orchestration/transport/reply_request_id_test.go	internal/planes/bot/internal/orchestration/transport/reply_request_id_test.go
C3	internal/planes/bot/internal/bot/orchestration/transport/room_context.go	internal/planes/bot/internal/orchestration/transport/room_context.go
C3	internal/planes/bot/internal/bot/orchestration/transport/room_context_test.go	internal/planes/bot/internal/orchestration/transport/room_context_test.go
C3	internal/planes/bot/internal/bot/orchestration/transport/thread_context.go	internal/planes/bot/internal/orchestration/transport/thread_context.go
C3	internal/planes/bot/internal/bot/bot_test.go	internal/planes/bot/internal/orchestration/orchcmd/router_external_test.go
