"file"	"line"	"category"	"scope"	"hypothetical_whole_move_into_API_internal"	"semantic_split_review"
"hololive/hololive-api/cmd/source-observation-replay-epoch/main.go"	"18"	"runtime-active"	"search-only; whole-directory move is not proposed"	"Go internal permits API consumer"	"review API Consume symbols; retain shared contracts"
"hololive/hololive-api/internal/planes/youtube/runtime/runtime.go"	"24"	"runtime-active"	"search-only; whole-directory move is not proposed"	"Go internal permits API consumer"	"review API Consume symbols; retain shared contracts"
"hololive/hololive-api/internal/planes/youtube/runtime/runtime_retention_test.go"	"14"	"test-build"	"search-only; whole-directory move is not proposed"	"Go internal permits API consumer"	"review API Consume symbols; retain shared contracts"
"hololive/hololive-api/internal/planes/youtube/runtime/runtime_test.go"	"22"	"test-build"	"search-only; whole-directory move is not proposed"	"Go internal permits API consumer"	"review API Consume symbols; retain shared contracts"
"hololive/hololive-api/internal/planes/youtube/runtime/supervisor.go"	"12"	"runtime-active"	"search-only; whole-directory move is not proposed"	"Go internal permits API consumer"	"review API Consume symbols; retain shared contracts"
"hololive/hololive-api/internal/planes/youtube/runtime/supervisor_retention.go"	"13"	"runtime-active"	"search-only; whole-directory move is not proposed"	"Go internal permits API consumer"	"review API Consume symbols; retain shared contracts"
"hololive/hololive-api/internal/planes/youtube/runtime/supervisor_retry.go"	"15"	"runtime-active"	"search-only; whole-directory move is not proposed"	"Go internal permits API consumer"	"review API Consume symbols; retain shared contracts"
"hololive/hololive-api/internal/planes/youtube/runtime/supervisor_retry_test.go"	"17"	"test-build"	"search-only; whole-directory move is not proposed"	"Go internal permits API consumer"	"review API Consume symbols; retain shared contracts"
"hololive/hololive-youtube-collector/internal/runtime/collectorruntime/channel_live_slot_test.go"	"17"	"test-build"	"search-only; whole-directory move is not proposed"	"Go internal would reject collector consumer"	"retain shared public contracts; review collector Publish/lease-facing surface per symbol"
"hololive/hololive-youtube-collector/internal/runtime/collectorruntime/publisher.go"	"11"	"runtime-active"	"search-only; whole-directory move is not proposed"	"Go internal would reject collector consumer"	"retain shared public contracts; review collector Publish/lease-facing surface per symbol"
"hololive/hololive-youtube-collector/internal/runtime/collectorruntime/publisher_test.go"	"7"	"test-build"	"search-only; whole-directory move is not proposed"	"Go internal would reject collector consumer"	"retain shared public contracts; review collector Publish/lease-facing surface per symbol"
"hololive/hololive-youtube-collector/internal/runtime/collectorruntime/readiness_test.go"	"19"	"test-build"	"search-only; whole-directory move is not proposed"	"Go internal would reject collector consumer"	"retain shared public contracts; review collector Publish/lease-facing surface per symbol"
"hololive/hololive-youtube-collector/internal/runtime/collectorruntime/registry.go"	"11"	"runtime-active"	"search-only; whole-directory move is not proposed"	"Go internal would reject collector consumer"	"retain shared public contracts; review collector Publish/lease-facing surface per symbol"
"hololive/hololive-youtube-collector/internal/runtime/collectorruntime/registry_test.go"	"11"	"test-build"	"search-only; whole-directory move is not proposed"	"Go internal would reject collector consumer"	"retain shared public contracts; review collector Publish/lease-facing surface per symbol"
"hololive/hololive-youtube-collector/internal/runtime/collectorruntime/result_benchmark_test.go"	"12"	"test-build"	"search-only; whole-directory move is not proposed"	"Go internal would reject collector consumer"	"retain shared public contracts; review collector Publish/lease-facing surface per symbol"
"hololive/hololive-youtube-collector/internal/runtime/collectorruntime/result_metrics_test.go"	"9"	"test-build"	"search-only; whole-directory move is not proposed"	"Go internal would reject collector consumer"	"retain shared public contracts; review collector Publish/lease-facing surface per symbol"
"hololive/hololive-youtube-collector/internal/runtime/collectorruntime/result_validation.go"	"8"	"runtime-active"	"search-only; whole-directory move is not proposed"	"Go internal would reject collector consumer"	"retain shared public contracts; review collector Publish/lease-facing surface per symbol"
"hololive/hololive-youtube-collector/internal/runtime/collectorruntime/result_validation_test.go"	"9"	"test-build"	"search-only; whole-directory move is not proposed"	"Go internal would reject collector consumer"	"retain shared public contracts; review collector Publish/lease-facing surface per symbol"
"hololive/hololive-youtube-collector/internal/runtime/collectorruntime/scheduler.go"	"11"	"runtime-active"	"search-only; whole-directory move is not proposed"	"Go internal would reject collector consumer"	"retain shared public contracts; review collector Publish/lease-facing surface per symbol"
"hololive/hololive-youtube-collector/internal/runtime/collectorruntime/scheduler_build.go"	"16"	"runtime-active"	"search-only; whole-directory move is not proposed"	"Go internal would reject collector consumer"	"retain shared public contracts; review collector Publish/lease-facing surface per symbol"
"hololive/hololive-youtube-collector/internal/runtime/collectorruntime/scheduler_discovery_cycle.go"	"9"	"runtime-active"	"search-only; whole-directory move is not proposed"	"Go internal would reject collector consumer"	"retain shared public contracts; review collector Publish/lease-facing surface per symbol"
"hololive/hololive-youtube-collector/internal/runtime/collectorruntime/scheduler_discovery_failures_test.go"	"13"	"test-build"	"search-only; whole-directory move is not proposed"	"Go internal would reject collector consumer"	"retain shared public contracts; review collector Publish/lease-facing surface per symbol"
"hololive/hololive-youtube-collector/internal/runtime/collectorruntime/scheduler_observe.go"	"11"	"runtime-active"	"search-only; whole-directory move is not proposed"	"Go internal would reject collector consumer"	"retain shared public contracts; review collector Publish/lease-facing surface per symbol"
"hololive/hololive-youtube-collector/internal/runtime/collectorruntime/scheduler_run.go"	"16"	"runtime-active"	"search-only; whole-directory move is not proposed"	"Go internal would reject collector consumer"	"retain shared public contracts; review collector Publish/lease-facing surface per symbol"
"hololive/hololive-youtube-collector/internal/runtime/collectorruntime/scheduler_run_test.go"	"20"	"test-build"	"search-only; whole-directory move is not proposed"	"Go internal would reject collector consumer"	"retain shared public contracts; review collector Publish/lease-facing surface per symbol"
"hololive/hololive-youtube-collector/internal/runtime/collectorruntime/scheduler_sch_test.go"	"17"	"test-build"	"search-only; whole-directory move is not proposed"	"Go internal would reject collector consumer"	"retain shared public contracts; review collector Publish/lease-facing surface per symbol"
"hololive/hololive-youtube-collector/internal/runtime/collectutil/envelope.go"	"11"	"runtime-active"	"search-only; whole-directory move is not proposed"	"Go internal would reject collector consumer"	"retain shared public contracts; review collector Publish/lease-facing surface per symbol"
"hololive/hololive-youtube-collector/internal/runtime/collectutil/result_benchmark_test.go"	"10"	"test-build"	"search-only; whole-directory move is not proposed"	"Go internal would reject collector consumer"	"retain shared public contracts; review collector Publish/lease-facing surface per symbol"
"hololive/hololive-youtube-collector/internal/runtime/collectutil/result_ownership_test.go"	"12"	"test-build"	"search-only; whole-directory move is not proposed"	"Go internal would reject collector consumer"	"retain shared public contracts; review collector Publish/lease-facing surface per symbol"
"hololive/hololive-youtube-collector/internal/runtime/collectutil/runner.go"	"10"	"runtime-active"	"search-only; whole-directory move is not proposed"	"Go internal would reject collector consumer"	"retain shared public contracts; review collector Publish/lease-facing surface per symbol"
"hololive/hololive-youtube-collector/internal/runtime/collectutil/runner_test.go"	"9"	"test-build"	"search-only; whole-directory move is not proposed"	"Go internal would reject collector consumer"	"retain shared public contracts; review collector Publish/lease-facing surface per symbol"
"hololive/hololive-youtube-collector/internal/runtime/holodexcollector/runner.go"	"10"	"runtime-active"	"search-only; whole-directory move is not proposed"	"Go internal would reject collector consumer"	"retain shared public contracts; review collector Publish/lease-facing surface per symbol"
"hololive/hololive-youtube-collector/internal/runtime/holodexcollector/runner_test.go"	"17"	"test-build"	"search-only; whole-directory move is not proposed"	"Go internal would reject collector consumer"	"retain shared public contracts; review collector Publish/lease-facing surface per symbol"
"hololive/hololive-youtube-collector/internal/runtime/joblease/repository.go"	"18"	"runtime-active"	"search-only; whole-directory move is not proposed"	"Go internal would reject collector consumer"	"retain shared public contracts; review collector Publish/lease-facing surface per symbol"
"hololive/hololive-youtube-collector/internal/runtime/joblease/repository_candidates.go"	"14"	"runtime-active"	"search-only; whole-directory move is not proposed"	"Go internal would reject collector consumer"	"retain shared public contracts; review collector Publish/lease-facing surface per symbol"
"hololive/hololive-youtube-collector/internal/runtime/joblease/repository_candidates_test.go"	"11"	"test-build"	"search-only; whole-directory move is not proposed"	"Go internal would reject collector consumer"	"retain shared public contracts; review collector Publish/lease-facing surface per symbol"
"hololive/hololive-youtube-collector/internal/runtime/joblease/repository_snapshot.go"	"12"	"runtime-active"	"search-only; whole-directory move is not proposed"	"Go internal would reject collector consumer"	"retain shared public contracts; review collector Publish/lease-facing surface per symbol"
"hololive/hololive-youtube-collector/internal/runtime/joblease/repository_test.go"	"19"	"test-build"	"search-only; whole-directory move is not proposed"	"Go internal would reject collector consumer"	"retain shared public contracts; review collector Publish/lease-facing surface per symbol"
"hololive/hololive-youtube-collector/internal/runtime/joblease/target_snapshot.go"	"8"	"runtime-active"	"search-only; whole-directory move is not proposed"	"Go internal would reject collector consumer"	"retain shared public contracts; review collector Publish/lease-facing surface per symbol"
"hololive/hololive-youtube-collector/internal/runtime/joblease/target_snapshot_test.go"	"8"	"test-build"	"search-only; whole-directory move is not proposed"	"Go internal would reject collector consumer"	"retain shared public contracts; review collector Publish/lease-facing surface per symbol"
"hololive/hololive-youtube-collector/internal/runtime/joblease/types.go"	"11"	"runtime-active"	"search-only; whole-directory move is not proposed"	"Go internal would reject collector consumer"	"retain shared public contracts; review collector Publish/lease-facing surface per symbol"
"hololive/hololive-youtube-collector/internal/runtime/officialcollector/runner.go"	"9"	"runtime-active"	"search-only; whole-directory move is not proposed"	"Go internal would reject collector consumer"	"retain shared public contracts; review collector Publish/lease-facing surface per symbol"
"hololive/hololive-youtube-collector/internal/runtime/officialcollector/runner_test.go"	"13"	"test-build"	"search-only; whole-directory move is not proposed"	"Go internal would reject collector consumer"	"retain shared public contracts; review collector Publish/lease-facing surface per symbol"
"hololive/hololive-youtube-collector/internal/runtime/youtubejscollector/channel.go"	"9"	"runtime-active"	"search-only; whole-directory move is not proposed"	"Go internal would reject collector consumer"	"retain shared public contracts; review collector Publish/lease-facing surface per symbol"
"hololive/hololive-youtube-collector/internal/runtime/youtubejscollector/channel_live.go"	"9"	"runtime-active"	"search-only; whole-directory move is not proposed"	"Go internal would reject collector consumer"	"retain shared public contracts; review collector Publish/lease-facing surface per symbol"
"hololive/hololive-youtube-collector/internal/runtime/youtubejscollector/community.go"	"9"	"runtime-active"	"search-only; whole-directory move is not proposed"	"Go internal would reject collector consumer"	"retain shared public contracts; review collector Publish/lease-facing surface per symbol"
"hololive/hololive-youtube-collector/internal/runtime/youtubejscollector/content.go"	"9"	"runtime-active"	"search-only; whole-directory move is not proposed"	"Go internal would reject collector consumer"	"retain shared public contracts; review collector Publish/lease-facing surface per symbol"
"hololive/hololive-youtube-collector/internal/runtime/youtubejscollector/live_check.go"	"9"	"runtime-active"	"search-only; whole-directory move is not proposed"	"Go internal would reject collector consumer"	"retain shared public contracts; review collector Publish/lease-facing surface per symbol"
"hololive/hololive-youtube-collector/internal/runtime/youtubejscollector/runner_test.go"	"14"	"test-build"	"search-only; whole-directory move is not proposed"	"Go internal would reject collector consumer"	"retain shared public contracts; review collector Publish/lease-facing surface per symbol"
"hololive/hololive-youtube-collector/internal/testutil/targetsnapshot.go"	"10"	"runtime-active"	"search-only; whole-directory move is not proposed"	"Go internal would reject collector consumer"	"retain shared public contracts; review collector Publish/lease-facing surface per symbol"
