"set_semantics"	"file"	"category"	"lines"	"reference_kinds"	"risk_to_review"	"reference_rows"
"review-set-not-edit-instruction"	".dockerignore"	"test-build"	"41,79"	"outer-diskpath"	"Moved API internal/logs exception or collector binary exclusion becomes ineffective."	"2"
"review-set-not-edit-instruction"	".github/workflows/ci.yml"	"test-build"	"79,80,81,82,83,119,124,127,131,247"	"outer-diskpath"	"Matrix points to missing module; helper conditional/cache path no longer matches."	"10"
"review-set-not-edit-instruction"	".github/workflows/security.yml"	"test-build"	"68,198"	"outer-diskpath,outer-root-selector"	"go.sum cache glob and collector npm cache path no longer describe present modules."	"2"
"review-set-not-edit-instruction"	".gitignore"	"test-build"	"31"	"outer-diskpath"	"Moved collector local binary no longer ignored; accidental artifact tracking."	"1"
"review-set-not-edit-instruction"	"build-all.sh"	"test-build"	"203,204,207,208,322,323"	"outer-diskpath"	"Hardcoded source/version/command path remains at old location; inspect exact listed lines and maintain runtime/install identity."	"6"
"review-set-not-edit-instruction"	"deploy/compose/docker-compose.prod.yml"	"runtime-active"	"297,355,380,400,465,588,629"	"outer-diskpath"	"Dockerfile/init-db/migrations source paths invalid; preserve container destination paths."	"7"
"review-set-not-edit-instruction"	"go.work"	"test-build"	"7,8,9,10,11"	"outer-diskpath"	"Go workspace references missing DiskPath; module resolution fails."	"5"
"review-set-not-edit-instruction"	"hololive/hololive-alarm-worker/Dockerfile"	"test-build"	"24,27,49,50,51,53,60,61,63"	"outer-diskpath"	"COPY/WORKDIR still use old physical source; stable Go replace topology must match builder layout."	"9"
"review-set-not-edit-instruction"	"hololive/hololive-alarm-worker/Dockerfile.dockerignore"	"test-build"	"3,4,5,6,7,8,9"	"outer-diskpath"	"New module omitted from whitelist build context; COPY fails or embedded source assets omitted."	"7"
"review-set-not-edit-instruction"	"hololive/hololive-alarm-worker/go.mod"	"test-build"	"130,132"	"module-relative-replace"	"Local replace ../module no longer resolves after apps/libs/tests split, despite unchanged module declaration."	"2"
"review-set-not-edit-instruction"	"hololive/hololive-api/Dockerfile"	"test-build"	"39,40,41,43,50,51,53"	"outer-diskpath"	"COPY/WORKDIR still use old physical source; stable Go replace topology must match builder layout."	"7"
"review-set-not-edit-instruction"	"hololive/hololive-api/Dockerfile.dockerignore"	"test-build"	"3,4,5,6,7,8,9"	"outer-diskpath"	"New module omitted from whitelist build context; COPY fails or embedded source assets omitted."	"7"
"review-set-not-edit-instruction"	"hololive/hololive-api/go.mod"	"test-build"	"142,144"	"module-relative-replace"	"Local replace ../module no longer resolves after apps/libs/tests split, despite unchanged module declaration."	"2"
"review-set-not-edit-instruction"	"hololive/hololive-api/internal/planes/admin/internal/service/dispatchops/repository_integration_test.go"	"test-build"	"38,48,49,50,51,52,53,54,55"	"outer-diskpath"	"Fixture/source-read/command/package expectation retains old path and fails or loses intended coverage."	"9"
"review-set-not-edit-instruction"	"hololive/hololive-api/scripts/test-bot-env-loader.sh"	"test-build"	"19"	"outer-root-selector"	"Fixture/source-read/command/package expectation retains old path and fails or loses intended coverage."	"1"
"review-set-not-edit-instruction"	"hololive/hololive-dbtest/go.mod"	"test-build"	"82"	"module-relative-replace"	"Local replace ../module no longer resolves after apps/libs/tests split, despite unchanged module declaration."	"1"
"review-set-not-edit-instruction"	"hololive/hololive-dbtest/migrations.go"	"runtime-active"	"87"	"outer-diskpath"	"Hardcoded source/version/command path remains at old location; inspect exact listed lines and maintain runtime/install identity."	"1"
"review-set-not-edit-instruction"	"hololive/hololive-dbtest/schema_golden_test.go"	"test-build"	"40"	"outer-diskpath"	"Fixture/source-read/command/package expectation retains old path and fails or loses intended coverage."	"1"
"review-set-not-edit-instruction"	"hololive/hololive-shared/go.mod"	"test-build"	"5"	"module-relative-replace"	"Local replace ../module no longer resolves after apps/libs/tests split, despite unchanged module declaration."	"1"
"review-set-not-edit-instruction"	"hololive/hololive-shared/pkg/config/settings/repo_compose_render_test.go"	"test-build"	"126,127,232,233"	"outer-diskpath"	"Fixture/source-read/command/package expectation retains old path and fails or loses intended coverage."	"4"
"review-set-not-edit-instruction"	"hololive/hololive-shared/pkg/config/settings/repo_trust_domain_contract_test.go"	"test-build"	"89,90,104,105,151,154,158,162,166,170"	"outer-diskpath"	"Fixture/source-read/command/package expectation retains old path and fails or loses intended coverage."	"10"
"review-set-not-edit-instruction"	"hololive/hololive-shared/pkg/service/alarm/dispatchoutbox/repository_integration_test.go"	"test-build"	"67,68,69,70,71,72,73,74,75"	"outer-diskpath"	"Fixture/source-read/command/package expectation retains old path and fails or loses intended coverage."	"9"
"review-set-not-edit-instruction"	"hololive/hololive-youtube-collector/Dockerfile"	"test-build"	"24,27,49,50,51,53,60,61,64"	"outer-diskpath"	"COPY/WORKDIR still use old physical source; stable Go replace topology must match builder layout."	"9"
"review-set-not-edit-instruction"	"hololive/hololive-youtube-collector/Dockerfile.dockerignore"	"test-build"	"3,4,5,6,7,8,9"	"outer-diskpath"	"New module omitted from whitelist build context; COPY fails or embedded source assets omitted."	"7"
"review-set-not-edit-instruction"	"hololive/hololive-youtube-collector/Dockerfile.po-sandbox"	"test-build"	"10,12,23,24,25,26,28,29"	"outer-diskpath"	"COPY/WORKDIR still use old physical source; stable Go replace topology must match builder layout."	"8"
"review-set-not-edit-instruction"	"hololive/hololive-youtube-collector/Dockerfile.po-sandbox.dockerignore"	"test-build"	"3,4,5,6,7,8,9,10,11,12,13,14,15,16,17,18,19,20,21,22,23"	"outer-diskpath"	"New module omitted from whitelist build context; COPY fails or embedded source assets omitted."	"21"
"review-set-not-edit-instruction"	"hololive/hololive-youtube-collector/Makefile"	"test-build"	"21,34"	"outer-diskpath"	"Hardcoded source/version/command path remains at old location; inspect exact listed lines and maintain runtime/install identity."	"2"
"review-set-not-edit-instruction"	"hololive/hololive-youtube-collector/go.mod"	"test-build"	"127,129"	"module-relative-replace"	"Local replace ../module no longer resolves after apps/libs/tests split, despite unchanged module declaration."	"2"
"review-set-not-edit-instruction"	"internal/workspace/monorepo_test.go"	"test-build"	"34,35,36,37"	"outer-diskpath"	"Fixture/source-read/command/package expectation retains old path and fails or loses intended coverage."	"4"
"review-set-not-edit-instruction"	"scripts/architecture/check-deprecated-deadline.sh"	"test-build"	"15,16,17,18,19,20,21"	"outer-diskpath,outer-root-selector"	"Hardcoded import/SQL/security owner or scan root fails/misses renamed package/source scope."	"14"
"review-set-not-edit-instruction"	"scripts/architecture/check-go-alarm-contracts.sh"	"test-build"	"6,7"	"outer-diskpath,outer-root-selector"	"Hardcoded import/SQL/security owner or scan root fails/misses renamed package/source scope."	"4"
"review-set-not-edit-instruction"	"scripts/architecture/check-go-generic-internal-package-names.sh"	"test-build"	"11,20,28"	"outer-root-selector"	"Hardcoded import/SQL/security owner or scan root fails/misses renamed package/source scope."	"3"
"review-set-not-edit-instruction"	"scripts/architecture/check-go-toolchain-parity.sh"	"test-build"	"11,12,13,14,15"	"outer-diskpath"	"Hardcoded import/SQL/security owner or scan root fails/misses renamed package/source scope."	"5"
"review-set-not-edit-instruction"	"scripts/architecture/check-go-trigger-route-hardcoding.sh"	"test-build"	"16"	"outer-root-selector"	"Hardcoded import/SQL/security owner or scan root fails/misses renamed package/source scope."	"1"
"review-set-not-edit-instruction"	"scripts/architecture/check-internal-route-hardcoding.sh"	"test-build"	"23"	"outer-root-selector"	"Hardcoded import/SQL/security owner or scan root fails/misses renamed package/source scope."	"1"
"review-set-not-edit-instruction"	"scripts/architecture/check-migration-manifest.sh"	"test-build"	"8"	"outer-diskpath,outer-root-selector"	"Hardcoded import/SQL/security owner or scan root fails/misses renamed package/source scope."	"2"
"review-set-not-edit-instruction"	"scripts/architecture/check-repository-ownership.sh"	"test-build"	"33,42,46,56,78,79"	"outer-diskpath,outer-root-selector"	"Hardcoded import/SQL/security owner or scan root fails/misses renamed package/source scope."	"9"
"review-set-not-edit-instruction"	"scripts/architecture/check-sql-ownership.py"	"test-build"	"173,174,180"	"outer-diskpath"	"Hardcoded import/SQL/security owner or scan root fails/misses renamed package/source scope."	"3"
"review-set-not-edit-instruction"	"scripts/architecture/check-youtube-egress-lifecycle-ownership.sh"	"test-build"	"8,10"	"outer-diskpath"	"Hardcoded import/SQL/security owner or scan root fails/misses renamed package/source scope."	"2"
"review-set-not-edit-instruction"	"scripts/architecture/ci-notification-egress-gate.sh"	"test-build"	"49,50,56,61,66"	"outer-diskpath"	"Hardcoded import/SQL/security owner or scan root fails/misses renamed package/source scope."	"5"
"review-set-not-edit-instruction"	"scripts/build/build-po-sandbox-artifact.sh"	"test-build"	"31"	"outer-diskpath,outer-root-selector"	"Build source location/command or artifact package identity no longer matches binary metadata."	"2"
"review-set-not-edit-instruction"	"scripts/build/build-youtube-collector-go.sh"	"test-build"	"121"	"outer-diskpath,outer-root-selector"	"Build source location/command or artifact package identity no longer matches binary metadata."	"2"
"review-set-not-edit-instruction"	"scripts/build/build-youtube-collector-go_test.sh"	"test-build"	"8,214,216,220,222,224,226,228"	"outer-diskpath,outer-root-selector"	"Build source location/command or artifact package identity no longer matches binary metadata."	"10"
"review-set-not-edit-instruction"	"scripts/build/image-runtime-tree-permissions_test.sh"	"test-build"	"33,34"	"outer-diskpath"	"Build source location/command or artifact package identity no longer matches binary metadata."	"2"
"review-set-not-edit-instruction"	"scripts/check-release-version.sh"	"runtime-active"	"25,26"	"outer-diskpath,outer-root-selector"	"Hardcoded source/version/command path remains at old location; inspect exact listed lines and maintain runtime/install identity."	"4"
"review-set-not-edit-instruction"	"scripts/ci/check-pgo-default.sh"	"test-build"	"87,88,89,100"	"outer-diskpath,outer-root-selector"	"Module/command policy tuple differs; old hololive scan root can miss forbidden PGO artifacts."	"4"
"review-set-not-edit-instruction"	"scripts/ci/check-production-go-workspace.sh"	"test-build"	"7,8,9,13,14,15,16,17"	"outer-diskpath"	"Hardcoded source/version/command path remains at old location; inspect exact listed lines and maintain runtime/install identity."	"8"
"review-set-not-edit-instruction"	"scripts/ci/local-ci-integration.sh"	"test-build"	"4,5,6,7,10,11,180"	"outer-diskpath"	"Hardcoded source/version/command path remains at old location; inspect exact listed lines and maintain runtime/install identity."	"7"
"review-set-not-edit-instruction"	"scripts/ci/local-ci-packages.sh"	"test-build"	"46,71"	"outer-diskpath"	"Moved shared source stops selecting all dependent tests; Compose-triggered shared pattern points to missing path."	"2"
"review-set-not-edit-instruction"	"scripts/ci/local-ci.sh"	"test-build"	"211,212,213"	"outer-diskpath"	"Hardcoded source/version/command path remains at old location; inspect exact listed lines and maintain runtime/install identity."	"3"
"review-set-not-edit-instruction"	"scripts/ci/npm-audit-manifest.txt"	"test-build"	"1,2,3"	"outer-diskpath"	"Hardcoded source/version/command path remains at old location; inspect exact listed lines and maintain runtime/install identity."	"3"
"review-set-not-edit-instruction"	"scripts/ci/pgo-off-policy.tsv"	"test-build"	"2,3,4"	"outer-diskpath"	"Module/command policy tuple differs; old hololive scan root can miss forbidden PGO artifacts."	"3"
"review-set-not-edit-instruction"	"scripts/ci/pre-push-gate.sh"	"test-build"	"166,168,169,175,176,190,191,213"	"outer-diskpath"	"Changed-file path predicates stop selecting affected product/deploy/helper checks."	"8"
"review-set-not-edit-instruction"	"scripts/ci/public-pr-collector-helper-gate.sh"	"test-build"	"11"	"outer-diskpath,outer-root-selector"	"Hardcoded source/version/command path remains at old location; inspect exact listed lines and maintain runtime/install identity."	"2"
"review-set-not-edit-instruction"	"scripts/ci/public-pr-collector-helper-install.sh"	"test-build"	"10"	"outer-diskpath,outer-root-selector"	"Hardcoded source/version/command path remains at old location; inspect exact listed lines and maintain runtime/install identity."	"2"
"review-set-not-edit-instruction"	"scripts/ci/public-pr-go-gate.sh"	"test-build"	"19,37,38"	"outer-diskpath"	"New module DiskPath rejected by exact allowlist before test/build execution."	"7"
"review-set-not-edit-instruction"	"scripts/ci/public-pr-x-spaces-helper-gate.sh"	"test-build"	"11"	"outer-diskpath,outer-root-selector"	"Hardcoded source/version/command path remains at old location; inspect exact listed lines and maintain runtime/install identity."	"2"
"review-set-not-edit-instruction"	"scripts/ci/public-pr-x-spaces-helper-install.sh"	"test-build"	"10"	"outer-diskpath,outer-root-selector"	"Hardcoded source/version/command path remains at old location; inspect exact listed lines and maintain runtime/install identity."	"2"
"review-set-not-edit-instruction"	"scripts/ci/run-npm-audit.sh"	"test-build"	"6"	"outer-diskpath,outer-root-selector"	"Hardcoded source/version/command path remains at old location; inspect exact listed lines and maintain runtime/install identity."	"2"
"review-set-not-edit-instruction"	"scripts/deploy/ap-completion-check.sh"	"runtime-active"	"160"	"outer-diskpath"	"Hardcoded source/version/command path remains at old location; inspect exact listed lines and maintain runtime/install identity."	"1"
"review-set-not-edit-instruction"	"scripts/deploy/ap-deploy-version_test.sh"	"test-build"	"22,25,33,38,39,40,54,55,61,66,71"	"outer-diskpath,outer-root-selector"	"Fixture/source-read/command/package expectation retains old path and fails or loses intended coverage."	"18"
"review-set-not-edit-instruction"	"scripts/deploy/ap-deploy.sh"	"runtime-active"	"55,70,167"	"outer-diskpath,outer-root-selector"	"Exact go.sum/scope allowlist rejects new layout or version/source fallback points to missing paths."	"6"
"review-set-not-edit-instruction"	"scripts/deploy/ap-host-native-deploy.sh"	"runtime-active"	"144,145,147"	"outer-diskpath,outer-root-selector"	"Hardcoded source/version/command path remains at old location; inspect exact listed lines and maintain runtime/install identity."	"6"
"review-set-not-edit-instruction"	"scripts/deploy/ap-rsync-files.txt"	"runtime-active"	"87,88,89,90,91,92,93,94,95,96,97,98,99,100,101,102,103,104,105,106,107,108,109,110,111,112,113,114,115,116,117,118,119,120,121,122,123,124,125,126,127,128,129,130,131,132,133,134,135,136,137,138,139,140,141,142,143,144,145,146,147,148,149,150,151,152,153,154,155,156,157,158,159,160,161,162,163,164,165,166,167,168,169,170,171,172,173,174,175,176,177,178,179,180,181,182,183,184,185,186,187,188,189,190,191,192,193,194,195,196,197,198,199,200,201,202,203,204,205,206,207,208,209,210,211,212,213,214,215,216,217,218,219,220,221,222,223,224,225,226,227,228,229,230,231,232,233,234,235,236,237,238,239,240,241,242,243,244,245,246,247,248,249,250,251,252,253,254,255,256,257,258,259,260,261,262,263,264,265,266,267,268,269,270,271,272,273,274,275,276,277,278,279,280,281,282,283,284,285,286,287,288,289,290,291,292,293,294,295,296,297,298,299,300,301,302,303,304,305,306,307,308,309,310,311,312,313,314,315,316,317,318,319,320,321,322,323,324,325,326,327,328,329,330,331,332,333,334,335,336,337,338,339,340,341,342,343,344,345,346,347,348,349,350,351,352,353,354,355,356,357,358,359,360,361,362,363,364,365,366,367,368,369,370,371,372,373,374,375,376,377,378,379,380,381,382,383,384,385,386,387,388,389,390,391,392,393,394,395,396,397,398,399,400,401,402,403,404,405,406,407,408,409,410,411,412,413,414,415,416,417,418,419,420,421,422,423,424,425,426,427,428,429,430,431,432,433,434,435,436,437,438,439,440,441,442,443,444,445,446,447,448,449,450,451,452,453,454,455,456,457,458,459,460,461,462,463,464,465,466,467,468,469,470,471,472,473,474,475,476,477,478,479,480,481,482,483,484,485,486,487,488,489,490,491,492,493,494,495,496,497,498,499,500,501,502,503,504,505,506,507,508,509,510,511,512,513,514,515,516,517,518,519,520,521,522,523,524,525,526,527,528,529,530,531,532,533,534,535,536,537,538,539,540,541,542,543,544,545,546,547,548,549,550,551,552,553,554,555,556,557,558,559,560,561,562,563,564,565,566,567,568,569,570,571,572,573,574,575,576,577,578,579,580,581,582,583,584,585,586,587,588,589,590,591,592,593,594,595,596,597,598,599,600,601,602,603,604,605,606,607,608,609,610,611,612,613,614,615,616,617,618,619,620,621,622,623,624,625,626,627,628,629,630,631,632,633,634,635,636,637,638,639,640,641,642,643,644,645,646,647,648,649,650,651,652,653,654,655,656,657,658,659,660,661,662,663,664,665,666,667,668,669,670,671,672,673,674,675,676,677,678,679,680,681,682,683,684,685,686,687,688,689,690,691,692,693,694,695,696,697,698,699,700,701,702,703,704,705,706,707,708,709,710,711,712,713,714,715,716,717,718,719,720,721,722,723,749,750,751,752,753,754,755,756,757,758"	"outer-diskpath"	"Transfer manifest names absent source files; newly located Go/Embed dependencies missing from payload."	"647"
"review-set-not-edit-instruction"	"scripts/deploy/check-ap-rsync-manifest.sh"	"runtime-active"	"42,43,45,46,47,48,67,74"	"outer-diskpath,outer-root-selector"	"Old command/cwd fails dependency enumeration; old ^hololive/ filter may omit new owned dependencies."	"9"
"review-set-not-edit-instruction"	"scripts/deploy/check-ap-rsync-preview.sh"	"runtime-active"	"12"	"outer-diskpath,outer-root-selector"	"Hardcoded source/version/command path remains at old location; inspect exact listed lines and maintain runtime/install identity."	"2"
"review-set-not-edit-instruction"	"scripts/deploy/lib/ap-compose-version.sh"	"runtime-active"	"29,37"	"outer-diskpath,outer-root-selector"	"Hardcoded source/version/command path remains at old location; inspect exact listed lines and maintain runtime/install identity."	"4"
"review-set-not-edit-instruction"	"scripts/deploy/lib/po-central-remote.sh"	"runtime-active"	"15,28,114"	"outer-diskpath,outer-root-selector"	"Hardcoded source/version/command path remains at old location; inspect exact listed lines and maintain runtime/install identity."	"5"
"review-set-not-edit-instruction"	"scripts/deploy/po-central-cutover.sh"	"runtime-active"	"19,32"	"outer-diskpath,outer-root-selector"	"Hardcoded source/version/command path remains at old location; inspect exact listed lines and maintain runtime/install identity."	"4"
"review-set-not-edit-instruction"	"scripts/deploy/po-central-files.txt"	"runtime-active"	"1,2,7"	"outer-diskpath"	"Transfer manifest names absent source files; newly located Go/Embed dependencies missing from payload."	"3"
"review-set-not-edit-instruction"	"scripts/deploy/source-revision-entrypoints_test.sh"	"test-build"	"19,20,33,34,36,135,140,223"	"outer-diskpath,outer-root-selector"	"Fixture/source-read/command/package expectation retains old path and fails or loses intended coverage."	"15"
"review-set-not-edit-instruction"	"scripts/deploy/source-revision-provenance_test.sh"	"test-build"	"80,81,82"	"outer-diskpath"	"Fixture/source-read/command/package expectation retains old path and fails or loses intended coverage."	"3"
"review-set-not-edit-instruction"	"scripts/deploy/test-compose-services.sh"	"test-build"	"183,191,195,202"	"outer-diskpath"	"Fixture/source-read/command/package expectation retains old path and fails or loses intended coverage."	"6"
"review-set-not-edit-instruction"	"scripts/deploy/test-docker-context-secret-exclusion.sh"	"test-build"	"51,52,54,55,56,57,58,59,60,61,62,63,64,65,66,67,68,69,70,71,72,73,79,81,82,85,90,94,97,101,102,109,114,118"	"outer-diskpath,outer-root-selector"	"Fixture/source-read/command/package expectation retains old path and fails or loses intended coverage."	"59"
"review-set-not-edit-instruction"	"scripts/deploy/test-postgres18-runtime-contract.sh"	"test-build"	"8,9"	"outer-diskpath,outer-root-selector"	"Fixture/source-read/command/package expectation retains old path and fails or loses intended coverage."	"4"
"review-set-not-edit-instruction"	"scripts/deploy/test-three-runtime-topology.sh"	"test-build"	"57"	"outer-diskpath"	"Fixture/source-read/command/package expectation retains old path and fails or loses intended coverage."	"1"
"review-set-not-edit-instruction"	"scripts/experiments/mekpark-host/experiment.py"	"runtime-active"	"32,125"	"outer-diskpath"	"Hardcoded source/version/command path remains at old location; inspect exact listed lines and maintain runtime/install identity."	"2"
"review-set-not-edit-instruction"	"scripts/experiments/mekpark-host/fetch-public-titles.mjs"	"runtime-active"	"3,4,5,8"	"outer-diskpath"	"Hardcoded source/version/command path remains at old location; inspect exact listed lines and maintain runtime/install identity."	"4"
"review-set-not-edit-instruction"	"scripts/perf/check-youtube-plane-budget.sh"	"test-build"	"29"	"outer-diskpath"	"Hardcoded source/version/command path remains at old location; inspect exact listed lines and maintain runtime/install identity."	"1"
"review-set-not-edit-instruction"	"scripts/refactor/grep-sensitive-logs.sh"	"runtime-active"	"51,56"	"outer-diskpath"	"Hardcoded source/version/command path remains at old location; inspect exact listed lines and maintain runtime/install identity."	"2"
"review-set-not-edit-instruction"	"scripts/runtime/db-maintenance-exec.sh"	"runtime-active"	"24"	"outer-diskpath,outer-root-selector"	"Default source migration bind path missing under installed checkout; /migrations destination remains stable."	"2"
"review-set-not-edit-instruction"	"scripts/runtime/pg-hotpath-explain-snapshot_test.sh"	"test-build"	"108,109,159,160,171,203,204"	"outer-diskpath,outer-root-selector"	"Fixture/source-read/command/package expectation retains old path and fails or loses intended coverage."	"14"
