"contract"	"file"	"lines"	"scope"	"action"	"failure_or_reason"
"go.work discovery"	"scripts/ci/go-workspace-modules.sh"	"11,29,57,62"	"outer"	"reuse"	"Reads go.work Use[].DiskPath; no new module registry required."
"workspace selection"	"scripts/ci/local-ci-files.sh"	"16,37,70"	"outer"	"reuse"	"GO_MODULES iteration follows new DiskPath; metadata source snapshot follows it."
"workspace checks"	"scripts/ci/local-ci.sh"	"15,86,96,127"	"outer"	"reuse"	"Generic module tests/toolchain/tidy loops adapt; collector-specific lines 211-213 remain hardcoded."
"recurring module scan"	".github/workflows/security.yml"	"84,126"	"outer"	"reuse"	"Runtime list resolved from go.work; cache globs 68/198 still need update."
"module identity"	"hololive/hololive-api/go.mod"	"1,142,144"	"outer"	"preserve-declaration; change-relative-replace"	"module github.com/kapu/hololive-api remains; shared/dbtest local replacement disks move."
"module identity"	"hololive/hololive-alarm-worker/go.mod"	"1,130,132"	"outer"	"preserve-declaration; change-relative-replace"	"DiskPath relocation does not require rewriting Go imports/module identity."
"module identity"	"hololive/hololive-youtube-collector/go.mod"	"1,127,129"	"outer"	"preserve-declaration; change-relative-replace"	"collector cmd layout changes package suffix separately from module name."
"two-level module depth"	"hololive/hololive-api/Makefile"	"3"	"outer"	"preserve-if-two-level"	"../../.golangci.yml still reaches root from apps/api; worker/shared same depth."
"two-level module depth"	"hololive/hololive-youtube-collector/Makefile"	"3,5,21,30,34"	"both"	"preserve-root-depth; change-module-argument-and-cmd"	"ROOT ../.. stays; exact old module argument and cmd/runtime target must change."
"artifact command"	"scripts/build/build-youtube-collector-go.sh"	"121,137,138,142,147,150,153,181,193,198"	"both"	"change-source-and-command/package; preserve-output-identity"	"Build GOWORK=off CGO_ENABLED=0; -pgo=off -trimpath; tags=[]; full revision; stable bin filenames/build-id format."
"artifact verification"	"scripts/build/check-youtube-collector-go-artifact.sh"	"143,149,154,182,193,200"	"inner-cmd"	"change-package-suffix"	"go version -m path must equal new cmd package; hashes/build-id/tags policy remains strict."
"artifact regression fixture"	"scripts/build/build-youtube-collector-go_test.sh"	"141"	"inner-cmd"	"change-package-suffix"	"Expected manifest package endswith /cmd/runtime/healthcheck must follow command move."
"production tags"	"scripts/build/build-youtube-collector-go.sh"	"189,195,200"	"both"	"preserve"	"Actual production manifest tags are []; no new experimental build tag needed for path relocation."
"integration tags"	"scripts/ci/local-ci-integration.sh"	"3,9,20,180"	"inner"	"change-package-patterns; preserve-tags"	"Dedicated integration packages and -tags=integration paths must follow moved tests."
"skip identity"	"scripts/ci/collector-test-skip-allowlist.txt"	"3"	"inner"	"preserve-for-cmd-only; change-if-youtubejs-test-package-moves"	"Exact package/TestRealYouTubeDataRoundTrip identity not a DiskPath."
"generated lint config"	".golangci.yml"	"1,9,190,275,335"	"outer"	"no-physical-path-regexp-change"	"Current config has no module-directory path regexp/exclusion; collecterr import exception and module-path are import identities."
"lint source owner"	"../tools/lint/golangci.template.yml"	"275"	"inner"	"change-only-if-collecterr-package-moves"	"Generated .golangci.yml must be rendered from parent template, not independently edited."
"lint repo parameters"	"../tools/lint/golangci-repos.tsv"	"3"	"outer"	"preserve"	"Workspace module_path/import_prefix do not change with apps/libs/tests DiskPath move."
"dbtest discovery"	"hololive/hololive-dbtest/migrations.go"	"84,87,354"	"both"	"preserve-root-marker; change-migration-source-path"	"build-all.sh marker remains; explicit HOLOLIVE_MIGRATIONS_DIR remains supported."
"migration embedding"	"hololive/hololive-api/scripts/migrations/embed.go"	"5"	"outer"	"preserve-content-and-relative-embed"	"manifest.txt *.sql travel with package; hashes/order/names remain intact."
"fixture sibling layout"	"hololive/hololive-dbtest/migrations_p1_test.go"	"597"	"outer"	"change-relative-fixture-resolution"	"../../../hololive-dbtest assumes migration and dbtest are siblings; apps/api and tests/dbtest violate it."
"nested bot test root"	"hololive/hololive-api/internal/planes/bot/runtime/migration_security_test.go"	"41,47"	"inner"	"review-parent-count"	"runtime.Caller plus repeated filepath.Dir derives module root; helper absorption/relocation can change required parent count."
"sourceobs private boundary"	"hololive/hololive-api/cmd/source-observation-replay-epoch/main.go"	"18"	"inner"	"allow-API-internal-after-split"	"cmd and plane packages may both consume API internal/youtube; plane/internal would disallow cmd."
"sourceobs shared boundary"	"hololive/hololive-youtube-collector/internal/runtime/collectorruntime/publisher.go"	"11"	"inner"	"blocked-whole-package-move"	"Collector cannot import API internal/youtube; typed Publish/lease/shared repository contracts must first be retained/reowned separately."
"installed container identity"	"hololive/hololive-youtube-collector/Dockerfile"	"92,93,95,114,119"	"both"	"preserve"	"/app/youtubejs, bin/youtube-collector, health target and runtime identity are independent of source DiskPath/cmd import path."
"native installed identity"	"scripts/deploy/lib/hololive-youtube-collector.service"	"12,13,14,15"	"both"	"preserve"	"/opt/hololive-bot/youtube-collector/current and installed env/unit names stay stable."
"Compose source/destination"	"deploy/compose/docker-compose.prod.yml"	"72,156,166,297,355,380"	"outer"	"change-source-modules-only"	"Keep compose directory/context root and existing runtime-data sources; change init-db/migration left sides, retain container targets."
"AP scope and embeddings"	"scripts/deploy/check-ap-rsync-manifest.sh"	"66,67,68,74"	"both"	"change-cmd/owned-root-filter; retain-GoFiles-and-EmbedFiles"	"Replacing import strings alone does not transfer newly located embedded SQL/source assets."
"current tree policy"	"docs/current/architecture/repo-tree-policy.md"	"47"	"outer"	"precondition-policy-revision"	"Current module-directory stability policy requires deliberate revision before outer apps/libs/tests move."
