"package"	"direct_runtime_consumers"	"transitive_runtime_consumers"
"github.com/kapu/hololive-shared/internal/service/fallback"	""	"hololive-api,hololive-alarm-worker,hololive-youtube-collector"
"github.com/kapu/hololive-shared/internal/service/holodex/provider/apiclient"	""	"hololive-api,hololive-alarm-worker,hololive-youtube-collector"
"github.com/kapu/hololive-shared/internal/service/holodex/provider/htmlscraper"	""	"hololive-api,hololive-alarm-worker,hololive-youtube-collector"
"github.com/kapu/hololive-shared/internal/service/holodex/provider/streammapping"	""	"hololive-api,hololive-alarm-worker,hololive-youtube-collector"
"github.com/kapu/hololive-shared/internal/service/notification/alarmcache"	""	"hololive-alarm-worker"
"github.com/kapu/hololive-shared/internal/service/template/sampledata"	""	"hololive-api,hololive-alarm-worker"
"github.com/kapu/hololive-shared/internal/service/youtube/community"	""	"hololive-api,hololive-youtube-collector"
"github.com/kapu/hololive-shared/internal/service/youtube/reconcile/content"	""	"hololive-api,hololive-youtube-collector"
"github.com/kapu/hololive-shared/internal/service/youtube/reconcile/live"	""	"hololive-api,hololive-youtube-collector"
"github.com/kapu/hololive-shared/internal/service/youtube/reconcile/photo"	""	"hololive-api,hololive-youtube-collector"
"github.com/kapu/hololive-shared/internal/service/youtube/reconcile/profile"	""	"hololive-api,hololive-youtube-collector"
"github.com/kapu/hololive-shared/internal/service/youtube/reconcile/schedule"	""	"hololive-api,hololive-youtube-collector"
"github.com/kapu/hololive-shared/internal/service/youtube/reconcile/viewer"	""	"hololive-api,hololive-youtube-collector"
"github.com/kapu/hololive-shared/internal/service/youtube/scraper/scraping/backoff"	""	"hololive-api,hololive-alarm-worker,hololive-youtube-collector"
"github.com/kapu/hololive-shared/internal/service/youtube/scraper/ua"	""	"hololive-api,hololive-alarm-worker,hololive-youtube-collector"
"github.com/kapu/hololive-shared/internal/testredis"	""	""
"github.com/kapu/hololive-shared/internal/testutil"	""	""
"github.com/kapu/hololive-shared/internal/testutil/cacheclient"	""	""
"github.com/kapu/hololive-shared/internal/workerobservability"	""	"hololive-api,hololive-alarm-worker,hololive-youtube-collector"
"github.com/kapu/hololive-shared/pkg/apperrors"	"hololive-api"	"hololive-api"
"github.com/kapu/hololive-shared/pkg/applifecycle"	"hololive-api,hololive-alarm-worker"	"hololive-api,hololive-alarm-worker"
"github.com/kapu/hololive-shared/pkg/cleanupctx"	""	""
"github.com/kapu/hololive-shared/pkg/config/settings"	"hololive-api,hololive-alarm-worker,hololive-youtube-collector"	"hololive-api,hololive-alarm-worker,hololive-youtube-collector"
"github.com/kapu/hololive-shared/pkg/config/settings/alarmworker"	"hololive-alarm-worker"	"hololive-alarm-worker"
"github.com/kapu/hololive-shared/pkg/config/settings/apiplane"	"hololive-api"	"hololive-api"
"github.com/kapu/hololive-shared/pkg/config/settings/collector"	"hololive-youtube-collector"	"hololive-youtube-collector"
"github.com/kapu/hololive-shared/pkg/config/settings/internal/load"	""	"hololive-api,hololive-alarm-worker,hololive-youtube-collector"
"github.com/kapu/hololive-shared/pkg/config/settings/internal/settingstest"	""	""
"github.com/kapu/hololive-shared/pkg/constants"	"hololive-api,hololive-alarm-worker,hololive-youtube-collector"	"hololive-api,hololive-alarm-worker,hololive-youtube-collector"
"github.com/kapu/hololive-shared/pkg/contracts/alarm"	"hololive-api,hololive-alarm-worker"	"hololive-api,hololive-alarm-worker"
"github.com/kapu/hololive-shared/pkg/contracts/common"	""	"hololive-api,hololive-alarm-worker,hololive-youtube-collector"
"github.com/kapu/hololive-shared/pkg/contracts/irisrooms"	"hololive-api"	"hololive-api"
"github.com/kapu/hololive-shared/pkg/contracts/majorevent"	"hololive-api"	"hololive-api"
"github.com/kapu/hololive-shared/pkg/contracts/membernews"	"hololive-api"	"hololive-api"
"github.com/kapu/hololive-shared/pkg/contracts/settings"	"hololive-api"	"hololive-api"
"github.com/kapu/hololive-shared/pkg/contracts/shortlink"	"hololive-api"	"hololive-api,hololive-alarm-worker"
"github.com/kapu/hololive-shared/pkg/contracts/sourceobservation"	"hololive-api,hololive-youtube-collector"	"hololive-api,hololive-youtube-collector"
"github.com/kapu/hololive-shared/pkg/contracts/subscription"	"hololive-api"	"hololive-api"
"github.com/kapu/hololive-shared/pkg/contracts/trigger"	"hololive-api"	"hololive-api,hololive-alarm-worker,hololive-youtube-collector"
"github.com/kapu/hololive-shared/pkg/dbx"	"hololive-api,hololive-alarm-worker,hololive-youtube-collector"	"hololive-api,hololive-alarm-worker,hololive-youtube-collector"
"github.com/kapu/hololive-shared/pkg/domain"	"hololive-api,hololive-alarm-worker"	"hololive-api,hololive-alarm-worker,hololive-youtube-collector"
"github.com/kapu/hololive-shared/pkg/domain/mekparkhost"	"hololive-api,hololive-alarm-worker"	"hololive-api,hololive-alarm-worker"
"github.com/kapu/hololive-shared/pkg/domain/mekparkhost/cmd/classify-titles"	""	""
"github.com/kapu/hololive-shared/pkg/net/imagehost"	"hololive-api"	"hololive-api"
"github.com/kapu/hololive-shared/pkg/observability"	"hololive-alarm-worker,hololive-youtube-collector"	"hololive-alarm-worker,hololive-youtube-collector"
"github.com/kapu/hololive-shared/pkg/pgxutil"	"hololive-api,hololive-alarm-worker"	"hololive-api,hololive-alarm-worker,hololive-youtube-collector"
"github.com/kapu/hololive-shared/pkg/privacylog"	"hololive-api,hololive-alarm-worker"	"hololive-api,hololive-alarm-worker,hololive-youtube-collector"
"github.com/kapu/hololive-shared/pkg/providers"	"hololive-api,hololive-alarm-worker,hololive-youtube-collector"	"hololive-api,hololive-alarm-worker,hololive-youtube-collector"
"github.com/kapu/hololive-shared/pkg/providers/modules"	"hololive-api,hololive-alarm-worker"	"hololive-api,hololive-alarm-worker"
"github.com/kapu/hololive-shared/pkg/readiness"	"hololive-api,hololive-alarm-worker"	"hololive-api,hololive-alarm-worker"
"github.com/kapu/hololive-shared/pkg/repository"	"hololive-api"	"hololive-api,hololive-alarm-worker"
"github.com/kapu/hololive-shared/pkg/server/httpserver"	"hololive-api,hololive-alarm-worker,hololive-youtube-collector"	"hololive-api,hololive-alarm-worker,hololive-youtube-collector"
"github.com/kapu/hololive-shared/pkg/server/middleware"	"hololive-api"	"hololive-api,hololive-alarm-worker,hololive-youtube-collector"
"github.com/kapu/hololive-shared/pkg/service/alarm"	"hololive-api,hololive-alarm-worker"	"hololive-api,hololive-alarm-worker"
"github.com/kapu/hololive-shared/pkg/service/alarm/checker"	"hololive-api,hololive-alarm-worker"	"hololive-api,hololive-alarm-worker"
"github.com/kapu/hololive-shared/pkg/service/alarm/dedup"	"hololive-alarm-worker"	"hololive-alarm-worker"
"github.com/kapu/hololive-shared/pkg/service/alarm/dispatchoutbox"	"hololive-alarm-worker"	"hololive-alarm-worker"
"github.com/kapu/hololive-shared/pkg/service/alarm/keys"	"hololive-alarm-worker"	"hololive-api,hololive-alarm-worker"
"github.com/kapu/hololive-shared/pkg/service/alarm/queue"	"hololive-alarm-worker"	"hololive-alarm-worker"
"github.com/kapu/hololive-shared/pkg/service/cache"	"hololive-api,hololive-alarm-worker"	"hololive-api,hololive-alarm-worker,hololive-youtube-collector"
"github.com/kapu/hololive-shared/pkg/service/cache/mocks"	""	""
"github.com/kapu/hololive-shared/pkg/service/database"	"hololive-api,hololive-alarm-worker,hololive-youtube-collector"	"hololive-api,hololive-alarm-worker,hololive-youtube-collector"
"github.com/kapu/hololive-shared/pkg/service/database/mocks"	""	""
"github.com/kapu/hololive-shared/pkg/service/delivery"	"hololive-api,hololive-alarm-worker"	"hololive-api,hololive-alarm-worker,hololive-youtube-collector"
"github.com/kapu/hololive-shared/pkg/service/holodex/provider"	"hololive-api,hololive-alarm-worker"	"hololive-api,hololive-alarm-worker,hololive-youtube-collector"
"github.com/kapu/hololive-shared/pkg/service/internalhttp"	"hololive-api"	"hololive-api,hololive-alarm-worker"
"github.com/kapu/hololive-shared/pkg/service/kakaoroom"	"hololive-api,hololive-alarm-worker"	"hololive-api,hololive-alarm-worker"
"github.com/kapu/hololive-shared/pkg/service/member"	"hololive-api,hololive-alarm-worker"	"hololive-api,hololive-alarm-worker,hololive-youtube-collector"
"github.com/kapu/hololive-shared/pkg/service/messagestrings"	"hololive-api,hololive-alarm-worker"	"hololive-api,hololive-alarm-worker"
"github.com/kapu/hololive-shared/pkg/service/notification/alarmservice"	"hololive-alarm-worker"	"hololive-alarm-worker"
"github.com/kapu/hololive-shared/pkg/service/officialidentity"	"hololive-alarm-worker"	"hololive-api,hololive-alarm-worker,hololive-youtube-collector"
"github.com/kapu/hololive-shared/pkg/service/ratelimit"	"hololive-api"	"hololive-api,hololive-alarm-worker,hololive-youtube-collector"
"github.com/kapu/hololive-shared/pkg/service/sendoutcome"	"hololive-alarm-worker"	"hololive-api,hololive-alarm-worker,hololive-youtube-collector"
"github.com/kapu/hololive-shared/pkg/service/settings"	"hololive-api"	"hololive-api,hololive-alarm-worker"
"github.com/kapu/hololive-shared/pkg/service/shortlink"	"hololive-api,hololive-alarm-worker"	"hololive-api,hololive-alarm-worker"
"github.com/kapu/hololive-shared/pkg/service/template"	"hololive-api,hololive-alarm-worker"	"hololive-api,hololive-alarm-worker"
"github.com/kapu/hololive-shared/pkg/service/xspaces"	"hololive-api,hololive-alarm-worker"	"hololive-api,hololive-alarm-worker"
"github.com/kapu/hololive-shared/pkg/service/youtube/admission"	""	"hololive-api,hololive-alarm-worker,hololive-youtube-collector"
"github.com/kapu/hololive-shared/pkg/service/youtube/alarmtiming"	"hololive-alarm-worker"	"hololive-api,hololive-alarm-worker,hololive-youtube-collector"
"github.com/kapu/hololive-shared/pkg/service/youtube/contentid"	"hololive-alarm-worker"	"hololive-api,hololive-alarm-worker,hololive-youtube-collector"
"github.com/kapu/hololive-shared/pkg/service/youtube/outbox/analytics"	"hololive-api"	"hololive-api,hololive-alarm-worker"
"github.com/kapu/hololive-shared/pkg/service/youtube/outbox/deliverysql"	"hololive-alarm-worker"	"hololive-api,hololive-alarm-worker"
"github.com/kapu/hololive-shared/pkg/service/youtube/outbox/format"	"hololive-alarm-worker"	"hololive-alarm-worker"
"github.com/kapu/hololive-shared/pkg/service/youtube/outbox/telemetry"	"hololive-api,hololive-alarm-worker"	"hololive-api,hololive-alarm-worker"
"github.com/kapu/hololive-shared/pkg/service/youtube/outbox/timeline"	"hololive-alarm-worker"	"hololive-api,hololive-alarm-worker"
"github.com/kapu/hololive-shared/pkg/service/youtube/poller/runtime"	""	"hololive-api,hololive-youtube-collector"
"github.com/kapu/hololive-shared/pkg/service/youtube/poller/runtime/batchrepo"	"hololive-api"	"hololive-api,hololive-youtube-collector"
"github.com/kapu/hololive-shared/pkg/service/youtube/scraper/internal/initialdata"	""	"hololive-api,hololive-alarm-worker,hololive-youtube-collector"
"github.com/kapu/hololive-shared/pkg/service/youtube/scraper/scraping"	""	"hololive-api,hololive-alarm-worker,hololive-youtube-collector"
"github.com/kapu/hololive-shared/pkg/service/youtube/scraper/scraping/parser"	"hololive-youtube-collector"	"hololive-api,hololive-alarm-worker,hololive-youtube-collector"
"github.com/kapu/hololive-shared/pkg/service/youtube/scraper/scraping/ratelimiter"	"hololive-youtube-collector"	"hololive-api,hololive-alarm-worker,hololive-youtube-collector"
"github.com/kapu/hololive-shared/pkg/service/youtube/sourceobservation"	"hololive-api,hololive-youtube-collector"	"hololive-api,hololive-youtube-collector"
"github.com/kapu/hololive-shared/pkg/service/youtube/timestamp"	"hololive-alarm-worker"	"hololive-api,hololive-alarm-worker,hololive-youtube-collector"
"github.com/kapu/hololive-shared/pkg/service/youtube/tracking/observation"	"hololive-alarm-worker"	"hololive-api,hololive-alarm-worker,hololive-youtube-collector"
"github.com/kapu/hololive-shared/pkg/sqlassets"	"hololive-api,hololive-alarm-worker,hololive-youtube-collector"	"hololive-api,hololive-alarm-worker,hololive-youtube-collector"
"github.com/kapu/hololive-shared/pkg/sqlsplit"	"hololive-api"	"hololive-api"
"github.com/kapu/hololive-shared/pkg/testutil"	""	""
"github.com/kapu/hololive-shared/pkg/util"	"hololive-api,hololive-alarm-worker"	"hololive-api,hololive-alarm-worker,hololive-youtube-collector"
