"SQL_asset"	"owner"	"production_callers"	"test_only_or_unreferenced"
"hololive/hololive-shared/pkg/service/youtube/sourceobservation/queries/repository_application_insert_0014_14.sql"	"API"	"repository_finalize.go"	""
"hololive/hololive-shared/pkg/service/youtube/sourceobservation/queries/repository_channel_live_check_upsert.sql"	"API"	"live_check_consumer.go"	""
"hololive/hololive-shared/pkg/service/youtube/sourceobservation/queries/repository_checkpoint_upsert_0010_10.sql"	"collector"	""	"no source filename literal; preserve currently embedded asset"
"hololive/hololive-shared/pkg/service/youtube/sourceobservation/queries/repository_claim_0012_12.sql"	"API"	"repository_claim.go"	""
"hololive/hololive-shared/pkg/service/youtube/sourceobservation/queries/repository_claim_budget_0019_19.sql"	"API"	"repository_finalize.go"	""
"hololive/hololive-shared/pkg/service/youtube/sourceobservation/queries/repository_claim_lock_0013_13.sql"	"API"	"repository_finalize.go"	""
"hololive/hololive-shared/pkg/service/youtube/sourceobservation/queries/repository_collision_insert_0009_09.sql"	"collector"	""	"no source filename literal; preserve currently embedded asset"
"hololive/hololive-shared/pkg/service/youtube/sourceobservation/queries/repository_community_known_posts_0085_85.sql"	"API"	"repository_community.go"	""
"hololive/hololive-shared/pkg/service/youtube/sourceobservation/queries/repository_community_subject_head_0029_29.sql"	"API"	"repository_community.go"	""
"hololive/hololive-shared/pkg/service/youtube/sourceobservation/queries/repository_community_subject_head_upsert_0033_33.sql"	"API"	"repository_community.go"	""
"hololive/hololive-shared/pkg/service/youtube/sourceobservation/queries/repository_community_subject_lock_0028_28.sql"	"API"	"repository_community.go"	""
"hololive/hololive-shared/pkg/service/youtube/sourceobservation/queries/repository_community_watermark_0014_14.sql"	"API"	"repository_community.go"	""
"hololive/hololive-shared/pkg/service/youtube/sourceobservation/queries/repository_community_window_ready_0086_86.sql"	"API"	"repository_community.go"	""
"hololive/hololive-shared/pkg/service/youtube/sourceobservation/queries/repository_complete_0015_15.sql"	"API"	"repository_finalize.go"	""
"hololive/hololive-shared/pkg/service/youtube/sourceobservation/queries/repository_content_absence_slots_0038_38.sql"	"API"	"content_state.go"	""
"hololive/hololive-shared/pkg/service/youtube/sourceobservation/queries/repository_content_absence_upsert_0039_39.sql"	"API"	"content_persist.go"	""
"hololive/hololive-shared/pkg/service/youtube/sourceobservation/queries/repository_content_channel_head_0040_40.sql"	"API"	"content_state.go"	""
"hololive/hololive-shared/pkg/service/youtube/sourceobservation/queries/repository_content_channel_head_upsert_0041_41.sql"	"API"	"content_persist.go"	""
"hololive/hololive-shared/pkg/service/youtube/sourceobservation/queries/repository_content_clock_upsert_0037_37.sql"	"API"	"content_clock_write.go"	""
"hololive/hololive-shared/pkg/service/youtube/sourceobservation/queries/repository_content_clocks_0036_36.sql"	"API"	"content_state.go"	""
"hololive/hololive-shared/pkg/service/youtube/sourceobservation/queries/repository_content_subject_lock_0034_34.sql"	"API"	"content_state.go"	""
"hololive/hololive-shared/pkg/service/youtube/sourceobservation/queries/repository_content_video_fields_0043_43.sql"	"API"	"content_persist.go"	""
"hololive/hololive-shared/pkg/service/youtube/sourceobservation/queries/repository_content_videos_0035_35.sql"	"API"	"content_state.go"	""
"hololive/hololive-shared/pkg/service/youtube/sourceobservation/queries/repository_contract_batch_current_0031_31.sql"	"collector"	"repository_publish.go"	""
"hololive/hololive-shared/pkg/service/youtube/sourceobservation/queries/repository_contract_current_0004_04.sql"	"collector"	""	"no source filename literal; preserve currently embedded asset"
"hololive/hololive-shared/pkg/service/youtube/sourceobservation/queries/repository_dead_letter_0018_18.sql"	"API"	"repository_failure.go"	""
"hololive/hololive-shared/pkg/service/youtube/sourceobservation/queries/repository_identity_advisory_lock_0005_05.sql"	"collector"	""	"no source filename literal; preserve currently embedded asset"
"hololive/hololive-shared/pkg/service/youtube/sourceobservation/queries/repository_job_complete_0011_11.sql"	"collector"	"repository_publish_validate.go"	""
"hololive/hololive-shared/pkg/service/youtube/sourceobservation/queries/repository_job_complete_error_0081_81.sql"	"collector"	"repository_publish_terminal.go"	""
"hololive/hololive-shared/pkg/service/youtube/sourceobservation/queries/repository_job_defer_0082_82.sql"	"collector"	"repository_publish_terminal.go"	""
"hololive/hololive-shared/pkg/service/youtube/sourceobservation/queries/repository_live_absence_slot_insert.sql"	"API"	"live_evidence.go"	""
"hololive/hololive-shared/pkg/service/youtube/sourceobservation/queries/repository_live_absence_slots.sql"	"API"	"live_evidence.go"	""
"hololive/hololive-shared/pkg/service/youtube/sourceobservation/queries/repository_live_due_one_0049_49.sql"	"API"	"live_finalizer.go"	""
"hololive/hololive-shared/pkg/service/youtube/sourceobservation/queries/repository_live_head_upsert_0048_48.sql"	"API"	"live_persist.go"	""
"hololive/hololive-shared/pkg/service/youtube/sourceobservation/queries/repository_live_heads_0046_46.sql"	"API"	"live_state.go"	""
"hololive/hololive-shared/pkg/service/youtube/sourceobservation/queries/repository_live_pending_end_upsert.sql"	"API"	"live_evidence.go"	""
"hololive/hololive-shared/pkg/service/youtube/sourceobservation/queries/repository_live_pending_ends.sql"	"API"	"live_evidence.go"	""
"hololive/hololive-shared/pkg/service/youtube/sourceobservation/queries/repository_live_pending_ends_delete.sql"	"API"	"live_evidence.go"	""
"hololive/hololive-shared/pkg/service/youtube/sourceobservation/queries/repository_live_session_one_0060_60.sql"	"API"	""	"test-only"
"hololive/hololive-shared/pkg/service/youtube/sourceobservation/queries/repository_live_session_upsert_0047_47.sql"	"API"	"live_persist.go"	""
"hololive/hololive-shared/pkg/service/youtube/sourceobservation/queries/repository_live_sessions_0045_45.sql"	"API"	"live_state.go"	""
"hololive/hololive-shared/pkg/service/youtube/sourceobservation/queries/repository_live_subject_lock_0044_44.sql"	"API"	"live_state.go"	""
"hololive/hololive-shared/pkg/service/youtube/sourceobservation/queries/repository_offset_upsert_0016_16.sql"	"API"	"repository_finalize.go"	""
"hololive/hololive-shared/pkg/service/youtube/sourceobservation/queries/repository_photo_head_0073_73.sql"	"API"	"channel_photo_persist.go"	""
"hololive/hololive-shared/pkg/service/youtube/sourceobservation/queries/repository_photo_head_upsert_0074_74.sql"	"API"	"channel_photo_persist.go"	""
"hololive/hololive-shared/pkg/service/youtube/sourceobservation/queries/repository_photo_product_upsert_0075_75.sql"	"API"	"channel_photo_persist.go"	""
"hololive/hololive-shared/pkg/service/youtube/sourceobservation/queries/repository_photo_variant_upsert_0072_72.sql"	"API"	"channel_photo_persist.go"	""
"hololive/hololive-shared/pkg/service/youtube/sourceobservation/queries/repository_profile_evidence_upsert_0069_69.sql"	"API"	"channel_profile_persist.go"	""
"hololive/hololive-shared/pkg/service/youtube/sourceobservation/queries/repository_profile_head_0070_70.sql"	"API"	"channel_profile_persist.go"	""
"hololive/hololive-shared/pkg/service/youtube/sourceobservation/queries/repository_profile_head_upsert_0071_71.sql"	"API"	"channel_profile_persist.go"	""
"hololive/hololive-shared/pkg/service/youtube/sourceobservation/queries/repository_projection_current_0002_02.sql"	"collector"	"repository_publish.go"	""
"hololive/hololive-shared/pkg/service/youtube/sourceobservation/queries/repository_publish_fence_0001_01.sql"	"collector"	"repository_publish.go"	""
"hololive/hololive-shared/pkg/service/youtube/sourceobservation/queries/repository_publish_set_0032_32.sql"	"collector"	"repository_publish_batch.go"	""
"hololive/hololive-shared/pkg/service/youtube/sourceobservation/queries/repository_queue_insert_0008_08.sql"	"collector"	""	"no source filename literal; preserve currently embedded asset"
"hololive/hololive-shared/pkg/service/youtube/sourceobservation/queries/repository_reconcile_conflict_insert_0061_61.sql"	"API"	"persist_conflict.go"	""
"hololive/hololive-shared/pkg/service/youtube/sourceobservation/queries/repository_replay_count_0022_22.sql"	"API"	"repository_replay.go"	""
"hololive/hololive-shared/pkg/service/youtube/sourceobservation/queries/repository_replay_epoch_activate_0085_85.sql"	"API"	"repository_replay_epoch.go"	""
"hololive/hololive-shared/pkg/service/youtube/sourceobservation/queries/repository_replay_epoch_load_0086_86.sql"	"API"	"repository_replay_epoch.go"	""
"hololive/hololive-shared/pkg/service/youtube/sourceobservation/queries/repository_replay_observation_0020_20.sql"	"API"	"repository_replay.go"	""
"hololive/hololive-shared/pkg/service/youtube/sourceobservation/queries/repository_replay_pending_lock_0080_80.sql"	"API"	"repository_replay.go"	""
"hololive/hololive-shared/pkg/service/youtube/sourceobservation/queries/repository_replay_queue_0021_21.sql"	"API"	"repository_replay.go"	""
"hololive/hololive-shared/pkg/service/youtube/sourceobservation/queries/repository_replay_queue_activate_0024_24.sql"	"API"	"repository_replay.go"	""
"hololive/hololive-shared/pkg/service/youtube/sourceobservation/queries/repository_replay_request_apply_0025_25.sql"	"API"	"repository_replay.go"	""
"hololive/hololive-shared/pkg/service/youtube/sourceobservation/queries/repository_replay_request_insert_0023_23.sql"	"API"	"repository_replay.go"	""
"hololive/hololive-shared/pkg/service/youtube/sourceobservation/queries/repository_replay_request_reject_0026_26.sql"	"API"	"repository_replay.go"	""
"hololive/hololive-shared/pkg/service/youtube/sourceobservation/queries/repository_retention_candidates_0027_27.sql"	"API"	"repository_retention.go"	""
"hololive/hololive-shared/pkg/service/youtube/sourceobservation/queries/repository_retention_delete_applications_0083_83.sql"	"API"	"repository_retention.go"	""
"hololive/hololive-shared/pkg/service/youtube/sourceobservation/queries/repository_retention_delete_checkpoints_0084_84.sql"	"API"	"repository_retention.go"	""
"hololive/hololive-shared/pkg/service/youtube/sourceobservation/queries/repository_retention_delete_collisions_0077_77.sql"	"API"	"repository_retention.go"	""
"hololive/hololive-shared/pkg/service/youtube/sourceobservation/queries/repository_retention_delete_evidence_0079_79.sql"	"API"	"repository_retention.go"	""
"hololive/hololive-shared/pkg/service/youtube/sourceobservation/queries/repository_retention_delete_live_absence_slots.sql"	"API"	"repository_retention.go"	""
"hololive/hololive-shared/pkg/service/youtube/sourceobservation/queries/repository_retention_delete_payloads.sql"	"API"	"repository_retention.go"	""
"hololive/hololive-shared/pkg/service/youtube/sourceobservation/queries/repository_retention_delete_queue_0076_76.sql"	"API"	"repository_retention.go"	""
"hololive/hololive-shared/pkg/service/youtube/sourceobservation/queries/repository_retention_delete_replay_0078_78.sql"	"API"	"repository_retention.go"	""
"hololive/hololive-shared/pkg/service/youtube/sourceobservation/queries/repository_retry_0017_17.sql"	"API"	"repository_failure.go"	""
"hololive/hololive-shared/pkg/service/youtube/sourceobservation/queries/repository_schedule_item_upsert_0059_59.sql"	"API"	"schedule_persist.go"	""
"hololive/hololive-shared/pkg/service/youtube/sourceobservation/queries/repository_target_enabled_0003_03.sql"	"collector"	"repository_publish.go"	""
"hololive/hololive-shared/pkg/service/youtube/sourceobservation/queries/repository_video_availability_upsert.sql"	"API"	"live_check_consumer.go"	""
"hololive/hololive-shared/pkg/service/youtube/sourceobservation/queries/repository_viewer_channel_0062_62.sql"	"API"	"viewer_persist.go"	""
"hololive/hololive-shared/pkg/service/youtube/sourceobservation/queries/repository_viewer_evidence_upsert_0054_54.sql"	"API"	"viewer_persist.go"	""
"hololive/hololive-shared/pkg/service/youtube/sourceobservation/queries/repository_viewer_head_0052_52.sql"	"API"	"viewer_persist.go"	""
"hololive/hololive-shared/pkg/service/youtube/sourceobservation/queries/repository_viewer_head_upsert_0055_55.sql"	"API"	"viewer_persist.go"	""
"hololive/hololive-shared/pkg/service/youtube/sourceobservation/queries/repository_viewer_product_delete_0057_57.sql"	"API"	"viewer_persist.go"	""
"hololive/hololive-shared/pkg/service/youtube/sourceobservation/queries/repository_viewer_product_upsert_0056_56.sql"	"API"	"viewer_persist.go"	""
"hololive/hololive-shared/pkg/service/youtube/sourceobservation/queries/repository_viewer_window_0053_53.sql"	"API"	"viewer_persist.go"	""
