file	test	symbols	target_import
hololive/hololive-api/cmd/source-observation-replay-epoch/main.go	False	NewRepository,ReplayEpochInput	github.com/kapu/hololive-api/internal/youtube/sourceobservation
hololive/hololive-api/internal/planes/youtube/runtime/runtime.go	False	ClaimOptions,ClaimedBatch,Claim,RetryInput,RetentionConfig,RetentionResult,ClaimWork,NewConsumeRepository,NewBatchCanonicalWriter,NewConsumerWithGraces,ChannelPolicy,MaxAttempts	github.com/kapu/hololive-api/internal/youtube/sourceobservation
hololive/hololive-api/internal/planes/youtube/runtime/runtime_retention_test.go	True	RetentionConfig,RetentionResult	github.com/kapu/hololive-api/internal/youtube/sourceobservation
hololive/hololive-api/internal/planes/youtube/runtime/runtime_test.go	True	InitialSupportedContracts,ClaimOptions,ClaimedBatch,ClaimWork,Claim,RetryInput,ErrClaimLost	github.com/kapu/hololive-api/internal/youtube/sourceobservation
hololive/hololive-api/internal/planes/youtube/runtime/supervisor.go	False	ClaimWork,ClaimedBatch,ErrClaimLost	github.com/kapu/hololive-api/internal/youtube/sourceobservation
hololive/hololive-api/internal/planes/youtube/runtime/supervisor_retention.go	False	RetentionResult,RetentionConfig	github.com/kapu/hololive-api/internal/youtube/sourceobservation
hololive/hololive-api/internal/planes/youtube/runtime/supervisor_retry.go	False	ClaimWork,ErrClaimLost,RetryInput,DeadLetterInput,ConsumeRepository	github.com/kapu/hololive-api/internal/youtube/sourceobservation
hololive/hololive-api/internal/planes/youtube/runtime/supervisor_retry_test.go	True	ErrClaimLost,DeadLetterInput,RetryInput,Claim,ClaimWork	github.com/kapu/hololive-api/internal/youtube/sourceobservation
hololive/hololive-youtube-collector/internal/runtime/collectorruntime/channel_live_slot_test.go	True	ClaimOptions,Consumer,NewRepository,NewConsumer,NewBatchCanonicalWriter,JobClassSubject	github.com/kapu/hololive-youtube-collector/internal/runtime/sourceobservation + github.com/kapu/hololive-api/testkit/sourceobservation
hololive/hololive-youtube-collector/internal/runtime/collectorruntime/publisher.go	False	PublishBatchInput,PublishBatchResult,DeferCollectionInput,NewPublishRepository,CheckpointUpdate,RetrySchedule,RetryBounds,NewDeferCollectionInput,ErrInvalidEnvelope,ErrStaleContract	github.com/kapu/hololive-youtube-collector/internal/runtime/sourceobservation
hololive/hololive-youtube-collector/internal/runtime/collectorruntime/publisher_test.go	True	ErrInvalidEnvelope,ErrStaleContract	github.com/kapu/hololive-youtube-collector/internal/runtime/sourceobservation
hololive/hololive-youtube-collector/internal/runtime/collectorruntime/readiness_test.go	True	PublishBatchResult,PublishedObservation,NewPublishedObservation,PublishCollision,PublishInserted,PublishDuplicate	github.com/kapu/hololive-youtube-collector/internal/runtime/sourceobservation
hololive/hololive-youtube-collector/internal/runtime/collectorruntime/registry.go	False	JobContract,JobID,InitialJobContracts,JobContractSet	github.com/kapu/hololive-youtube-collector/internal/runtime/sourceobservation
hololive/hololive-youtube-collector/internal/runtime/collectorruntime/registry_test.go	True	JobID,JobKind	github.com/kapu/hololive-youtube-collector/internal/runtime/sourceobservation
hololive/hololive-youtube-collector/internal/runtime/collectorruntime/result_benchmark_test.go	True	CheckpointEntry,PublishBatchResult,PublishedObservation,NewPublishedObservation,PublishInserted	github.com/kapu/hololive-youtube-collector/internal/runtime/sourceobservation
hololive/hololive-youtube-collector/internal/runtime/collectorruntime/result_metrics_test.go	True	PublishBatchResult,PublishedObservation,NewPublishedObservation,PublishInserted,PublishDuplicate,PublishCollision	github.com/kapu/hololive-youtube-collector/internal/runtime/sourceobservation
hololive/hololive-youtube-collector/internal/runtime/collectorruntime/result_validation.go	False	MaxPublishBatchSize,MaxCollectionLatency,JobContract,JobMembershipExactSubject	github.com/kapu/hololive-youtube-collector/internal/runtime/sourceobservation
hololive/hololive-youtube-collector/internal/runtime/collectorruntime/result_validation_test.go	True	CheckpointEntry	github.com/kapu/hololive-youtube-collector/internal/runtime/sourceobservation
hololive/hololive-youtube-collector/internal/runtime/collectorruntime/scheduler.go	False	JobContract	github.com/kapu/hololive-youtube-collector/internal/runtime/sourceobservation
hololive/hololive-youtube-collector/internal/runtime/collectorruntime/scheduler_build.go	False	JobID	github.com/kapu/hololive-youtube-collector/internal/runtime/sourceobservation
hololive/hololive-youtube-collector/internal/runtime/collectorruntime/scheduler_discovery_cycle.go	False	JobContract	github.com/kapu/hololive-youtube-collector/internal/runtime/sourceobservation
hololive/hololive-youtube-collector/internal/runtime/collectorruntime/scheduler_discovery_failures_test.go	True	JobContract	github.com/kapu/hololive-youtube-collector/internal/runtime/sourceobservation
hololive/hololive-youtube-collector/internal/runtime/collectorruntime/scheduler_observe.go	False	PublishBatchResult,PublishOutcome,PublishInserted,PublishDuplicate,PublishCollision	github.com/kapu/hololive-youtube-collector/internal/runtime/sourceobservation
hololive/hololive-youtube-collector/internal/runtime/collectorruntime/scheduler_run.go	False	PublishBatchResult,NewRetryAtSchedule,RetryBounds	github.com/kapu/hololive-youtube-collector/internal/runtime/sourceobservation
hololive/hololive-youtube-collector/internal/runtime/collectorruntime/scheduler_run_test.go	True	ErrProjectionStale,ErrTargetDisabled,PublishBatchResult,PublishedObservation,NewPublishedObservation,PublishInserted,PublishDuplicate,PublishCollision	github.com/kapu/hololive-youtube-collector/internal/runtime/sourceobservation
hololive/hololive-youtube-collector/internal/runtime/collectorruntime/scheduler_sch_test.go	True	JobContract,InitialJobContracts,JobID,JobKind	github.com/kapu/hololive-youtube-collector/internal/runtime/sourceobservation
hololive/hololive-youtube-collector/internal/runtime/collectutil/envelope.go	False	MaxCollectionLatency,CheckpointEntry	github.com/kapu/hololive-youtube-collector/internal/runtime/sourceobservation
hololive/hololive-youtube-collector/internal/runtime/collectutil/result_benchmark_test.go	True	CheckpointEntry	github.com/kapu/hololive-youtube-collector/internal/runtime/sourceobservation
hololive/hololive-youtube-collector/internal/runtime/collectutil/result_ownership_test.go	True	CheckpointEntry	github.com/kapu/hololive-youtube-collector/internal/runtime/sourceobservation
hololive/hololive-youtube-collector/internal/runtime/collectutil/runner.go	False	JobID,JobContract,CheckpointEntry,MaxPublishBatchSize,MaxCollectionLatency	github.com/kapu/hololive-youtube-collector/internal/runtime/sourceobservation
hololive/hololive-youtube-collector/internal/runtime/collectutil/runner_test.go	True	MaxPublishBatchSize,CheckpointEntry	github.com/kapu/hololive-youtube-collector/internal/runtime/sourceobservation
hololive/hololive-youtube-collector/internal/runtime/holodexcollector/runner.go	False	JobID,JobKind,JobContract	github.com/kapu/hololive-youtube-collector/internal/runtime/sourceobservation
hololive/hololive-youtube-collector/internal/runtime/holodexcollector/runner_test.go	True	InitialJobContracts,JobID,JobKind	github.com/kapu/hololive-youtube-collector/internal/runtime/sourceobservation
hololive/hololive-youtube-collector/internal/runtime/joblease/repository.go	False	JobContractSet,InitialJobContracts,JobContract,JobMembershipExactSubject	github.com/kapu/hololive-youtube-collector/internal/runtime/sourceobservation
hololive/hololive-youtube-collector/internal/runtime/joblease/repository_candidates.go	False	JobContract,JobClassGlobal,JobMembershipExactSubject	github.com/kapu/hololive-youtube-collector/internal/runtime/sourceobservation
hololive/hololive-youtube-collector/internal/runtime/joblease/repository_candidates_test.go	True	JobID,JobContract,InitialJobContracts,JobKind	github.com/kapu/hololive-youtube-collector/internal/runtime/sourceobservation
hololive/hololive-youtube-collector/internal/runtime/joblease/repository_snapshot.go	False	JobContract,JobMembershipExactSubject,JobMembershipCurrentProjection	github.com/kapu/hololive-youtube-collector/internal/runtime/sourceobservation
hololive/hololive-youtube-collector/internal/runtime/joblease/repository_test.go	True	InitialJobContracts,JobID,JobKind	github.com/kapu/hololive-youtube-collector/internal/runtime/sourceobservation
hololive/hololive-youtube-collector/internal/runtime/joblease/target_snapshot.go	False	JobMembership,JobMembershipExactSubject,JobMembershipCurrentProjection,JobContract,JobClassGlobal,JobID,InitialJobContracts	github.com/kapu/hololive-youtube-collector/internal/runtime/sourceobservation
hololive/hololive-youtube-collector/internal/runtime/joblease/target_snapshot_test.go	True	JobMembershipExactSubject,InitialJobContracts,JobID	github.com/kapu/hololive-youtube-collector/internal/runtime/sourceobservation
hololive/hololive-youtube-collector/internal/runtime/joblease/types.go	False	ErrCollectionFenceLost,ErrProjectionStale,ErrTargetDisabled,JobContractSet,JobContract,JobID,JobKind,JobClassGlobal	github.com/kapu/hololive-youtube-collector/internal/runtime/sourceobservation
hololive/hololive-youtube-collector/internal/runtime/officialcollector/runner.go	False	JobID	github.com/kapu/hololive-youtube-collector/internal/runtime/sourceobservation
hololive/hololive-youtube-collector/internal/runtime/officialcollector/runner_test.go	True	InitialJobContracts,JobID	github.com/kapu/hololive-youtube-collector/internal/runtime/sourceobservation
hololive/hololive-youtube-collector/internal/runtime/youtubejscollector/channel.go	False	JobID	github.com/kapu/hololive-youtube-collector/internal/runtime/sourceobservation
hololive/hololive-youtube-collector/internal/runtime/youtubejscollector/channel_live.go	False	JobID	github.com/kapu/hololive-youtube-collector/internal/runtime/sourceobservation
hololive/hololive-youtube-collector/internal/runtime/youtubejscollector/community.go	False	JobID	github.com/kapu/hololive-youtube-collector/internal/runtime/sourceobservation
hololive/hololive-youtube-collector/internal/runtime/youtubejscollector/content.go	False	JobID	github.com/kapu/hololive-youtube-collector/internal/runtime/sourceobservation
hololive/hololive-youtube-collector/internal/runtime/youtubejscollector/live_check.go	False	JobID	github.com/kapu/hololive-youtube-collector/internal/runtime/sourceobservation
hololive/hololive-youtube-collector/internal/runtime/youtubejscollector/runner_test.go	True	InitialJobContracts,JobID,JobKind	github.com/kapu/hololive-youtube-collector/internal/runtime/sourceobservation
hololive/hololive-youtube-collector/internal/testutil/targetsnapshot.go	False	JobContract	github.com/kapu/hololive-youtube-collector/internal/runtime/sourceobservation
