"file"	"owner"	"target"	"declarations"	"query_calls"
"hololive/hololive-shared/pkg/service/youtube/sourceobservation/channel_photo_consumer.go"	"API"	"hololive-api/internal/youtube/sourceobservation/channel_photo_consumer.go"	"reconcilePhoto:13,photoPolicy:38,photoEvidenceFromObservation:45,mapPhotoApplications:80"	""
"hololive/hololive-shared/pkg/service/youtube/sourceobservation/channel_photo_persist.go"	"API"	"hololive-api/internal/youtube/sourceobservation/channel_photo_persist.go"	"loadPhotoState:13,persistPhotoDecision:46,persistPhotoVariants:66,persistPhotoVariant:80,persistPhotoHeads:103,persistPhotoHead:118,persistPhotoProduct:148,photoProductThumbnails:168,persistPhotoConflicts:182,nullableThumbnails:192"	"repository_photo_head_0073_73.sql,repository_photo_variant_upsert_0072_72.sql,repository_photo_head_upsert_0074_74.sql,repository_photo_product_upsert_0075_75.sql"
"hololive/hololive-shared/pkg/service/youtube/sourceobservation/channel_profile_consumer.go"	"API"	"hololive-api/internal/youtube/sourceobservation/channel_profile_consumer.go"	"reconcileProfile:13,profilePolicy:38,profileEvidenceFromObservation:45,mapProfileApplications:73"	""
"hololive/hololive-shared/pkg/service/youtube/sourceobservation/channel_profile_persist.go"	"API"	"hololive-api/internal/youtube/sourceobservation/channel_profile_persist.go"	"loadProfileState:14,persistProfileDecision:35,persistProfileEvidence:51,persistProfileHead:81,persistProfileConflicts:105"	"repository_profile_head_0070_70.sql,repository_profile_evidence_upsert_0069_69.sql,repository_profile_head_upsert_0071_71.sql"
"hololive/hololive-shared/pkg/service/youtube/sourceobservation/channel_reconcile.go"	"API"	"hololive-api/internal/youtube/sourceobservation/channel_reconcile.go"	"channelReconcileSteps:10,reconcile:20"	""
"hololive/hololive-shared/pkg/service/youtube/sourceobservation/community_canonical_writer.go"	"API"	"hololive-api/internal/youtube/sourceobservation/community_canonical_writer.go"	"batchCanonicalWriter:13,NewBatchCanonicalWriter:17,PersistTx:25,AfterCommit:33,PersistVideosTx:37,AfterCommitVideos:52"	""
"hololive/hololive-shared/pkg/service/youtube/sourceobservation/community_consumer.go"	"API"	"hololive-api/internal/youtube/sourceobservation/community_consumer.go"	"CanonicalWriter:17,ChannelPolicy:24,Consumer:31,NewConsumer:40,NewConsumerWithAbsenceGrace:44,NewConsumerWithGraces:53,WithChannelPolicy:69,Consume:79,ConsumeClaim:100,afterCommit:133,finalizeObservation:151,finalizeDomainObservation:186,domainReconcile:206,liveReconcile:218,channelReconcile:234,finalizeKind:246,finalizeCommunity:265,finalizeContent:285,decodeCommunityPayload:305"	""
"hololive/hololive-shared/pkg/service/youtube/sourceobservation/community_reconcile.go"	"API"	"hololive-api/internal/youtube/sourceobservation/community_reconcile.go"	"communityWindowEntityKind:12,communityWindowDecision:13,reconcileCommunity:16,communityNotificationState:78,communityApplications:103"	""
"hololive/hololive-shared/pkg/service/youtube/sourceobservation/content_clock_write.go"	"API"	"hololive-api/internal/youtube/sourceobservation/content_clock_write.go"	"persistContentClocks:16,contentClockStatement:56,sameStoredContentClock:89,sameContentClockArg:114,sameClockTime:135"	"repository_content_clock_upsert_0037_37.sql"
"hololive/hololive-shared/pkg/service/youtube/sourceobservation/content_consumer.go"	"API"	"hololive-api/internal/youtube/sourceobservation/content_consumer.go"	"reconcileContent:13,mergeContentApplications:55,evidenceFromObservation:71,videoEvidence:89,shortsEvidence:112,entitiesFromItems:135,mapContentApplications:152"	""
"hololive/hololive-shared/pkg/service/youtube/sourceobservation/content_persist.go"	"API"	"hololive-api/internal/youtube/sourceobservation/content_persist.go"	"persistContentDecision:16,contentArtifacts:56,domainVideo:78,domainNotification:90,domainTracking:116,persistContentFieldUpdates:126,persistContentAbsence:149,persistContentHead:178,persistContentConflicts:192,boundedVideoTitle:212"	"repository_content_video_fields_0043_43.sql,repository_content_absence_upsert_0039_39.sql,repository_content_channel_head_upsert_0041_41.sql"
"hololive/hololive-shared/pkg/service/youtube/sourceobservation/content_premiere.go"	"API"	"hololive-api/internal/youtube/sourceobservation/content_premiere.go"	"mergeContentPremieres:13,confirmedPremiereFacts:45,premiereVideoIDs:66,persistPremiereDecision:75"	""
"hololive/hololive-shared/pkg/service/youtube/sourceobservation/content_scan.go"	"API"	"hololive-api/internal/youtube/sourceobservation/content_scan.go"	"scanContentClock:13,scanAbsenceSlot:67"	""
"hololive/hololive-shared/pkg/service/youtube/sourceobservation/content_state.go"	"API"	"hololive-api/internal/youtube/sourceobservation/content_state.go"	"lockContentSubject:17,loadContentState:27,loadContentHead:59,evidenceVideoIDs:77,loadContentVideos:86,scanContentVideo:118,loadContentClocks:128,loadContentAbsenceSlots:158,watermarkTypeFor:188"	"repository_content_subject_lock_0034_34.sql,repository_content_channel_head_0040_40.sql,repository_content_videos_0035_35.sql,repository_content_clocks_0036_36.sql,repository_content_absence_slots_0038_38.sql"
"hololive/hololive-shared/pkg/service/youtube/sourceobservation/job_contract.go"	"collector"	"hololive-youtube-collector/internal/runtime/sourceobservation/job_contract.go"	"JobKind:13,JobClass:14,JobMembership:15,JobClassSubject:19,JobClassGlobal:20,JobMembershipExactSubject:22,JobMembershipCurrentProjection:23,JobID:26,Valid:31,String:35,Valid:39,Valid:43,JobContract:47,jobContractDefinition:51,NewJobContract:61,ID:101,Class:109,Membership:117,LeaseSubject:125,Emissions:133,CadenceKinds:141,RosterKinds:149,RequestedKinds:157,Emits:165,UsesRoster:169,Validate:173,Clone:198,JobContractSet:214,StaticJobContracts:220,Definition:222,IDs:231,Allows:242,jobKindValid:247,normalizeObservationKinds:252,cloneObservationKinds:278,validateClassMembership:287,validateSubjectClassMembership:298,validateGlobalClassMembership:306,validateSubjectMembership:314,validateGlobalMembership:326,validateKindSlices:342,unionObservationKinds:363,leaseSubjectMismatch:381,compareJobID:385"	""
"hololive/hololive-shared/pkg/service/youtube/sourceobservation/job_contract_initial.go"	"collector"	"hololive-youtube-collector/internal/runtime/sourceobservation/job_contract_initial.go"	"InitialJobContracts:9,initialSubjectJobContracts:16,initialGlobalJobContracts:64,mustJobID:97,mustJobContract:101"	""
"hololive/hololive-shared/pkg/service/youtube/sourceobservation/live_check_consumer.go"	"API"	"hololive-api/internal/youtube/sourceobservation/live_check_consumer.go"	"channelLiveCheckEntityKind:18,videoAvailabilityEntityKind:19,liveSessionEntityKind:20,liveCheckDecisionApplied:22,liveCheckDecisionNotNewer:23,liveCheckDecisionNoSession:24,videoLifecycleKeepEnded:25,videoLifecycleSessionNotLive:26,videoLifecycleIdentityUnverified:27,videoLifecycleIdentityMismatch:28,videoLifecycleUntrusted:29,videoLifecycleUnavailableOnly:30,videoLifecycleNoFact:31,videoLifecycleInvalidEnd:32,videoLifecycleNewerEndRetained:33,liveCheckReconcile:37,reconcileChannelLiveCheck:51,reconcileVideoLiveCheck:81,persistVideoAvailability:144,videoAvailabilityRecord:154,canonicalVideoAvailability:164,videoLifecycleFact:186,positiveAtOrAfter:247,verifiedWaitingState:257,videoLifecycleGate:265,validVideoEndTimeline:282,videoLiveEvidence:292,upsertLatestLiveCheck:309,latestLiveCheckDecision:324,nullableText:332"	"repository_channel_live_check_upsert.sql,repository_video_availability_upsert.sql"
"hololive/hololive-shared/pkg/service/youtube/sourceobservation/live_consumer.go"	"API"	"hololive-api/internal/youtube/sourceobservation/live_consumer.go"	"reconcileLive:13,liveEvidenceFromObservation:48,liveStartConfirmed:87,videoIDsOf:104,mapLiveApplications:113"	""
"hololive/hololive-shared/pkg/service/youtube/sourceobservation/live_evidence.go"	"API"	"hololive-api/internal/youtube/sourceobservation/live_evidence.go"	"loadLivePendingEnds:14,loadLiveAbsencesForPositive:46,loadLiveAbsenceSlots:82,persistLiveEvidence:121,pendingLiveEndBatchSize:161,persistPendingLiveEnds:163,pendingLiveEndStatements:180"	"repository_live_pending_ends.sql,repository_live_absence_slots.sql,repository_live_pending_ends_delete.sql,repository_live_absence_slot_insert.sql,repository_live_pending_end_upsert.sql"
"hololive/hololive-shared/pkg/service/youtube/sourceobservation/live_finalizer.go"	"API"	"hololive-api/internal/youtube/sourceobservation/live_finalizer.go"	"FinalizeNextDueLiveEnd:15,finalizeNextDueLiveEndTx:30"	"repository_live_due_one_0049_49.sql"
"hololive/hololive-shared/pkg/service/youtube/sourceobservation/live_persist.go"	"API"	"hololive-api/internal/youtube/sourceobservation/live_persist.go"	"liveSessionBatchSize:14,persistLiveDecision:16,persistLiveSessions:32,liveDecisionStatements:50,upsertLiveSession:68,upsertConfirmedPremiereSession:76,executeLiveSessionUpsert:84,liveSessionStatement:101,liveHeadStatement:117"	"repository_live_session_upsert_0047_47.sql,repository_live_head_upsert_0048_48.sql"
"hololive/hololive-shared/pkg/service/youtube/sourceobservation/live_state.go"	"API"	"hololive-api/internal/youtube/sourceobservation/live_state.go"	"lockLiveSubject:15,loadLiveState:23,loadLiveSessions:56,scanLiveSession:83,loadLiveHeads:106,applyLiveHeadRow:130,applyAbsenceSlotHints:159,scanLiveHead:173"	"repository_live_subject_lock_0044_44.sql,repository_live_sessions_0045_45.sql,repository_live_heads_0046_46.sql"
"hololive/hololive-shared/pkg/service/youtube/sourceobservation/persist_conflict.go"	"API"	"hololive-api/internal/youtube/sourceobservation/persist_conflict.go"	"persistReconcileConflict:10"	"repository_reconcile_conflict_insert_0061_61.sql"
"hololive/hololive-shared/pkg/service/youtube/sourceobservation/repository.go"	"split/remove"	"collector/internal/runtime/sourceobservation + API/internal/youtube/sourceobservation"	"PublishFenceVerifier:13,publishFaultPoint:17,faultAfterFenceVerify:20,faultAfterContractCheck:21,faultAfterObservationSet:22,faultBeforeTerminal:23,faultBeforeCommit:24,Repository:27,NewRepository:36,NewRepositoryWithContracts:40,validate:56"	""
"hololive/hololive-shared/pkg/service/youtube/sourceobservation/repository_claim.go"	"API"	"hololive-api/internal/youtube/sourceobservation/repository_claim.go"	"ClaimBatch:14,ProbeClaim:43,claimObservations:78,scanClaimWork:122"	"repository_claim_0012_12.sql"
"hololive/hololive-shared/pkg/service/youtube/sourceobservation/repository_community.go"	"API"	"hololive-api/internal/youtube/sourceobservation/repository_community.go"	"communitySubjectHead:16,supersedes:21,lockCommunitySubject:26,loadCommunitySubjectHead:46,saveCommunitySubjectHead:74,loadCommunityWatermark:95,loadCommunityWindowReady:108,loadKnownCommunityPostIDs:134,loadTypedWatermark:173"	"repository_community_subject_lock_0028_28.sql,repository_community_subject_head_0029_29.sql,repository_community_subject_head_upsert_0033_33.sql,repository_community_window_ready_0086_86.sql,repository_community_known_posts_0085_85.sql,repository_community_watermark_0014_14.sql"
"hololive/hololive-shared/pkg/service/youtube/sourceobservation/repository_failure.go"	"API"	"hololive-api/internal/youtube/sourceobservation/repository_failure.go"	"Retry:15,validateRetryInput:53,DeadLetter:69,deadLetterTx:83"	"repository_retry_0017_17.sql,repository_dead_letter_0018_18.sql"
"hololive/hololive-shared/pkg/service/youtube/sourceobservation/repository_finalize.go"	"API"	"hololive-api/internal/youtube/sourceobservation/repository_finalize.go"	"maxFinalizeApplicationCount:15,ReconcileWrite:17,EnsureClaimBudget:19,Finalize:57,finalizeTx:84,rejectFinalizeObservation:125,deadLetterReplayEpochExpired:167,deadLetterUnsupported:179,unsupportedFinalizeResult:198,writeFinalizeApplications:206,validateFinalizeApplication:244,completeFinalizeObservation:260,lockClaim:292,scanLockedObservation:312,validateClaim:371"	"repository_claim_budget_0019_19.sql,repository_application_insert_0014_14.sql,repository_complete_0015_15.sql,repository_offset_upsert_0016_16.sql,repository_claim_lock_0013_13.sql"
"hololive/hololive-shared/pkg/service/youtube/sourceobservation/repository_helpers.go"	"API"	"hololive-api/internal/youtube/sourceobservation/repository_helpers.go"	"newLeaseToken:9,boundedErrorDetail:19"	""
"hololive/hololive-shared/pkg/service/youtube/sourceobservation/repository_payload.go"	"API"	"hololive-api/internal/youtube/sourceobservation/repository_payload.go"	"errStoredPayloadCorrupt:10,validateStoredObservationPayload:14"	""
"hololive/hololive-shared/pkg/service/youtube/sourceobservation/repository_publish.go"	"collector"	"hololive-youtube-collector/internal/runtime/sourceobservation/repository_publish.go"	"sqlPublishFenceVerifier:14,publishVerificationBatchSender:20,Verify:27,publishFenceJob:90,loadPublishFence:97,verifyProjection:130,publishTargetKeys:146,validatePublishObservations:158,validatePublishObservation:168,verifyTargetsEnabled:185,preparedPublishBatch:199,leaseTerminalFunc:205,PublishBatch:213,PublishBatchAndDefer:234,runPreparedPublish:260,publishPreparedTx:275,verifyPreparedPublish:301,publishPreparedObservations:327,applyPublishFault:361"	"repository_publish_fence_0001_01.sql,repository_projection_current_0002_02.sql,repository_target_enabled_0003_03.sql,repository_contract_batch_current_0031_31.sql"
"hololive/hololive-shared/pkg/service/youtube/sourceobservation/repository_publish_batch.go"	"collector"	"hololive-youtube-collector/internal/runtime/sourceobservation/repository_publish_batch.go"	"publishBatchRow:17,publishContractRow:44,encodePublishBatch:51,checkpointEntriesByBinding:62,encodePublishBatchRows:71,newPublishBatchRow:89,marshalPublishBatch:111,verifyCurrentContracts:133,publishObservationSet:147,collectPublishSetRows:171,scanPublishSetRow:196,recordPublishSetRow:210,invalidPublishSetRow:228,validPublishOutcome:232,ensurePublishSetComplete:236"	"repository_publish_set_0032_32.sql"
"hololive/hololive-shared/pkg/service/youtube/sourceobservation/repository_publish_prepare.go"	"collector"	"hololive-youtube-collector/internal/runtime/sourceobservation/repository_publish_prepare.go"	"clonePublishBatchInput:11,clonePublishEnvelope:35,clonePublishCheckpoint:49,preparePublishBatch:57,preflightPublishBatch:79,preflightPublishObservations:100,preflightPublishCheckpoints:114,publishBytesWithinLimit:128,publishBatchBytesError:138,ValidatePublishBatchResult:146"	""
"hololive/hololive-shared/pkg/service/youtube/sourceobservation/repository_publish_terminal.go"	"collector"	"hololive-youtube-collector/internal/runtime/sourceobservation/repository_publish_terminal.go"	"observationCollisionDetail:14,completePublishTerminal:16,deferPublishTerminal:47,completeCollectionJobWithError:53,deferCollectionJob:89"	"repository_job_complete_error_0081_81.sql,repository_job_defer_0082_82.sql"
"hololive/hololive-shared/pkg/service/youtube/sourceobservation/repository_publish_validate.go"	"collector"	"hololive-youtube-collector/internal/runtime/sourceobservation/repository_publish_validate.go"	"maxCheckpointCursorBytes:17,validatePublishBatch:21,validatePublishBatchCounts:38,validatePublishBatchObservations:54,validatePublishBatchObservation:65,observationCheckpointBindings:85,validatePublishBatchCheckpoints:99,validatePublishCheckpoint:116,validateCheckpointMetadata:138,validateCheckpointFields:147,validateCheckpointTextFields:159,validateCheckpointTextField:172,validateCheckpointCursorSize:194,validateCheckpointCursor:202,bindPublishCheckpoint:216,checkpointBinding:245,checkpointBindingForObservation:257,checkpointBindingForEntry:271,completeCollectionJob:285,observationIdentity:321"	"repository_job_complete_0011_11.sql"
"hololive/hololive-shared/pkg/service/youtube/sourceobservation/repository_replay.go"	"API"	"hololive-api/internal/youtube/sourceobservation/repository_replay.go"	"replayObservation:14,replayQueueState:25,RequestReplay:31,ProcessNextReplay:58,requestReplayTx:73,processNextReplayTx:101,rejectMissingReplay:140,applyReplayDecision:148,replayRejectionReason:188,rejectReplayResult:212,activateReplayDecision:221,errReplayObservationMissing:236,loadReplayObservation:238,loadReplayQueueState:277,insertReplayRequest:306,lockPendingReplay:335,activateReplayQueue:357,rejectReplay:377"	"repository_replay_request_apply_0025_25.sql,repository_replay_observation_0020_20.sql,repository_replay_queue_0021_21.sql,repository_replay_count_0022_22.sql,repository_replay_request_insert_0023_23.sql,repository_replay_pending_lock_0080_80.sql,repository_replay_queue_activate_0024_24.sql,repository_replay_request_reject_0026_26.sql"
"hololive/hololive-shared/pkg/service/youtube/sourceobservation/repository_replay_epoch.go"	"API"	"hololive-api/internal/youtube/sourceobservation/repository_replay_epoch.go"	"replayEpochExpiredCode:13,ActivateReplayEpoch:15,activateReplayEpochTx:41,scanReplayEpoch:71"	"repository_replay_epoch_activate_0085_85.sql,repository_replay_epoch_load_0086_86.sql"
"hololive/hololive-shared/pkg/service/youtube/sourceobservation/repository_retention.go"	"API"	"hololive-api/internal/youtube/sourceobservation/repository_retention.go"	"MaxRetentionBatchSize:12,RetentionConfig:14,RetentionResult:26,Validate:33,hasNegativeAge:55,retentionApplicationAgeOverflows:60,validateEvidenceAges:64,ListRetentionCandidates:78,scanRetentionIDs:110,RunRetentionTick:135,runRetentionSteps:160,retentionStep:230,deleteFirstRetentionBatch:236,deleteQueueBatch:261,deleteAgedBatch:283,deleteEvidenceBatch:303,deleteUnreferencedPayloadBatch:320,deleteApplicationBatch:339,execDelete:353,cutoffOrNil:362,evidencePolicies:370,applicationAuditPolicies:386,minPositiveDuration:410,minEvidenceAge:426,minApplicationAuditAge:442"	"repository_retention_candidates_0027_27.sql,repository_retention_delete_payloads.sql"
"hololive/hololive-shared/pkg/service/youtube/sourceobservation/repository_roles.go"	"split/remove"	"collector/internal/runtime/sourceobservation + API/internal/youtube/sourceobservation"	"observationClaimFinalizer:13,PublishRepository:18,NewPublishRepository:22,PublishBatch:26,PublishBatchAndDefer:39,ConsumeRepository:56,NewConsumeRepository:60,store:64,ClaimBatch:72,ProbeClaim:86,EnsureClaimBudget:99,Retry:112,DeadLetter:126,Finalize:139,ProcessNextReplay:153,RequestReplay:167,RunRetentionTick:181,FinalizeNextDueLiveEnd:195,_:210,_:211"	""
"hololive/hololive-shared/pkg/service/youtube/sourceobservation/retry_schedule.go"	"collector"	"hololive-youtube-collector/internal/runtime/sourceobservation/retry_schedule.go"	"RetryBounds:11,RetrySchedule:17,DeferCollectionInput:21,deferCollectionState:25,NewRetryAtSchedule:32,NewDeferCollectionInput:45,At:63,Validate:66,Validate:74,Diagnostic:86,Bounds:94,Schedule:102,Validate:110,millisecondAligned:130"	""
"hololive/hololive-shared/pkg/service/youtube/sourceobservation/schedule_consumer.go"	"API"	"hololive-api/internal/youtube/sourceobservation/schedule_consumer.go"	"reconcileSchedule:13,scheduleEvidenceFromObservation:44,mapScheduleApplications:77"	""
"hololive/hololive-shared/pkg/service/youtube/sourceobservation/schedule_persist.go"	"API"	"hololive-api/internal/youtube/sourceobservation/schedule_persist.go"	"lockScheduleSubject:12,loadScheduleState:23,loadScheduleSessions:33,scheduleVideoIDs:61,persistScheduleDecision:72,persistedCollaboTalentNames:112"	"repository_schedule_item_upsert_0059_59.sql"
"hololive/hololive-shared/pkg/service/youtube/sourceobservation/sql.go"	"split/remove"	"collector/internal/runtime/sourceobservation + API/internal/youtube/sourceobservation"	"sqlAssets:10,mustSQL:12"	""
"hololive/hololive-shared/pkg/service/youtube/sourceobservation/types.go"	"split/remove"	"collector/internal/runtime/sourceobservation + API/internal/youtube/sourceobservation"	"MaxPublishBatchSize:14,MaxPublishBatchBytes:15,MaxClaimBatchSize:16,MaxCheckpointCount:17,MaxAttempts:18,MaxReplayCount:19,MaxCollectionLatency:20,maxErrorCodeBytes:21,maxErrorTextBytes:22,maxClaimKinds:23,ErrInvalidEnvelope:27,ErrStaleContract:28,ErrCollectionFenceLost:29,ErrProjectionStale:30,ErrTargetDisabled:31,ErrClaimLost:32,ErrObservationCollision:33,ErrUnsupportedContract:34,ErrInvalidRepository:35,ContractVersion:38,SupportedContractSet:45,StaticSupportedContracts:49,Supports:51,InitialSupportedContracts:56,CheckpointEntry:85,CheckpointUpdate:98,PublishBatchInput:103,PublishOutcome:109,PublishInserted:112,PublishDuplicate:113,PublishCollision:114,PublishedObservation:117,NewPublishedObservation:123,PublishBatchResult:127,Observation:131,ContractVersion:163,Envelope:167,ClaimOptions:184,ClaimedBatch:192,ClaimWork:197,ClaimKey:204,Claim:209,Key:213,Claim:217,Application:223,ReconcileResult:229,RetryInput:236,DeadLetterInput:244,ReplayInput:251,ReplayResult:257,ReplayEpochInput:263,ReplayEpoch:268,ReplayEpochActivation:274,RetentionQuery:279,validate:285,validateClaimKinds:309,validateErrorFields:330,validateText:342,lowercaseHexToken:358"	""
"hololive/hololive-shared/pkg/service/youtube/sourceobservation/viewer_consumer.go"	"API"	"hololive-api/internal/youtube/sourceobservation/viewer_consumer.go"	"reconcileViewer:13,viewerEvidenceFromObservation:49,mapViewerApplications:74"	""
"hololive/hololive-shared/pkg/service/youtube/sourceobservation/viewer_persist.go"	"API"	"hololive-api/internal/youtube/sourceobservation/viewer_persist.go"	"lockViewerSubject:15,loadViewerState:23,scanViewerEvidence:53,persistViewerDecision:77,persistViewerEvidence:97,persistViewerHead:122,persistViewerProduct:141,shouldWriteViewerProduct:177,persistViewerConflict:183,loadViewerChannelID:195"	"repository_viewer_head_0052_52.sql,repository_viewer_window_0053_53.sql,repository_viewer_evidence_upsert_0054_54.sql,repository_viewer_head_upsert_0055_55.sql,repository_viewer_product_delete_0057_57.sql,repository_viewer_product_upsert_0056_56.sql,repository_viewer_channel_0062_62.sql"
